{"type":"FeatureCollection","bbox":[0.0,0.0,-1.0,-1.0],"features":[{"type":"Feature","properties":{"median_aud_2014_15":44110,"sa4_name16":"Capital Region","sa4_code_2016":"101"},"id":"abs_epi_total_income_sa4_2010_15.101"},{"type":"Feature","properties":{"median_aud_2014_15":43677,"sa4_name16":"Central Coast","sa4_code_2016":"102"},"id":"abs_epi_total_income_sa4_2010_15.102"},{"type":"Feature","properties":{"median_aud_2014_15":43834,"sa4_name16":"Central West","sa4_code_2016":"103"},"id":"abs_epi_total_income_sa4_2010_15.103"},{"type":"Feature","properties":{"median_aud_2014_15":37017,"sa4_name16":"Coffs Harbour - Grafton","sa4_code_2016":"104"},"id":"abs_epi_total_income_sa4_2010_15.104"},{"type":"Feature","properties":{"median_aud_2014_15":43739,"sa4_name16":"Far West and Orana","sa4_code_2016":"105"},"id":"abs_epi_total_income_sa4_2010_15.105"},{"type":"Feature","properties":{"median_aud_2014_15":45556,"sa4_name16":"Hunter Valley exc Newcastle","sa4_code_2016":"106"},"id":"abs_epi_total_income_sa4_2010_15.106"},{"type":"Feature","properties":{"median_aud_2014_15":46554,"sa4_name16":"Illawarra","sa4_code_2016":"107"},"id":"abs_epi_total_income_sa4_2010_15.107"},{"type":"Feature","properties":{"median_aud_2014_15":35997,"sa4_name16":"Mid North Coast","sa4_code_2016":"108"},"id":"abs_epi_total_income_sa4_2010_15.108"},{"type":"Feature","properties":{"median_aud_2014_15":42086,"sa4_name16":"Murray","sa4_code_2016":"109"},"id":"abs_epi_total_income_sa4_2010_15.109"},{"type":"Feature","properties":{"median_aud_2014_15":40516,"sa4_name16":"New England and North West","sa4_code_2016":"110"},"id":"abs_epi_total_income_sa4_2010_15.110"},{"type":"Feature","properties":{"median_aud_2014_15":47165,"sa4_name16":"Newcastle and Lake Macquarie","sa4_code_2016":"111"},"id":"abs_epi_total_income_sa4_2010_15.111"},{"type":"Feature","properties":{"median_aud_2014_15":37275,"sa4_name16":"Richmond - Tweed","sa4_code_2016":"112"},"id":"abs_epi_total_income_sa4_2010_15.112"},{"type":"Feature","properties":{"median_aud_2014_15":44408,"sa4_name16":"Riverina","sa4_code_2016":"113"},"id":"abs_epi_total_income_sa4_2010_15.113"},{"type":"Feature","properties":{"median_aud_2014_15":38935,"sa4_name16":"Southern Highlands and Shoalhaven","sa4_code_2016":"114"},"id":"abs_epi_total_income_sa4_2010_15.114"},{"type":"Feature","properties":{"median_aud_2014_15":51858,"sa4_name16":"Sydney - Baulkham Hills and Hawkesbury","sa4_code_2016":"115"},"id":"abs_epi_total_income_sa4_2010_15.115"},{"type":"Feature","properties":{"median_aud_2014_15":49089,"sa4_name16":"Sydney - Blacktown","sa4_code_2016":"116"},"id":"abs_epi_total_income_sa4_2010_15.116"},{"type":"Feature","properties":{"median_aud_2014_15":52586,"sa4_name16":"Sydney - City and Inner South","sa4_code_2016":"117"},"id":"abs_epi_total_income_sa4_2010_15.117"},{"type":"Feature","properties":{"median_aud_2014_15":59999,"sa4_name16":"Sydney - Eastern Suburbs","sa4_code_2016":"118"},"id":"abs_epi_total_income_sa4_2010_15.118"},{"type":"Feature","properties":{"median_aud_2014_15":43307,"sa4_name16":"Sydney - Inner South West","sa4_code_2016":"119"},"id":"abs_epi_total_income_sa4_2010_15.119"},{"type":"Feature","properties":{"median_aud_2014_15":53105,"sa4_name16":"Sydney - Inner West","sa4_code_2016":"120"},"id":"abs_epi_total_income_sa4_2010_15.120"},{"type":"Feature","properties":{"median_aud_2014_15":60040,"sa4_name16":"Sydney - North Sydney and Hornsby","sa4_code_2016":"121"},"id":"abs_epi_total_income_sa4_2010_15.121"},{"type":"Feature","properties":{"median_aud_2014_15":53061,"sa4_name16":"Sydney - Northern Beaches","sa4_code_2016":"122"},"id":"abs_epi_total_income_sa4_2010_15.122"},{"type":"Feature","properties":{"median_aud_2014_15":49375,"sa4_name16":"Sydney - Outer South West","sa4_code_2016":"123"},"id":"abs_epi_total_income_sa4_2010_15.123"},{"type":"Feature","properties":{"median_aud_2014_15":49470,"sa4_name16":"Sydney - Outer West and Blue Mountains","sa4_code_2016":"124"},"id":"abs_epi_total_income_sa4_2010_15.124"},{"type":"Feature","properties":{"median_aud_2014_15":44029,"sa4_name16":"Sydney - Parramatta","sa4_code_2016":"125"},"id":"abs_epi_total_income_sa4_2010_15.125"},{"type":"Feature","properties":{"median_aud_2014_15":50837,"sa4_name16":"Sydney - Ryde","sa4_code_2016":"126"},"id":"abs_epi_total_income_sa4_2010_15.126"},{"type":"Feature","properties":{"median_aud_2014_15":45075,"sa4_name16":"Sydney - South West","sa4_code_2016":"127"},"id":"abs_epi_total_income_sa4_2010_15.127"},{"type":"Feature","properties":{"median_aud_2014_15":52884,"sa4_name16":"Sydney - Sutherland","sa4_code_2016":"128"},"id":"abs_epi_total_income_sa4_2010_15.128"},{"type":"Feature","properties":{"median_aud_2014_15":42208,"sa4_name16":"Ballarat","sa4_code_2016":"201"},"id":"abs_epi_total_income_sa4_2010_15.201"},{"type":"Feature","properties":{"median_aud_2014_15":42223,"sa4_name16":"Bendigo","sa4_code_2016":"202"},"id":"abs_epi_total_income_sa4_2010_15.202"},{"type":"Feature","properties":{"median_aud_2014_15":44113,"sa4_name16":"Geelong","sa4_code_2016":"203"},"id":"abs_epi_total_income_sa4_2010_15.203"},{"type":"Feature","properties":{"median_aud_2014_15":41140,"sa4_name16":"Hume","sa4_code_2016":"204"},"id":"abs_epi_total_income_sa4_2010_15.204"},{"type":"Feature","properties":{"median_aud_2014_15":40298,"sa4_name16":"Latrobe - Gippsland","sa4_code_2016":"205"},"id":"abs_epi_total_income_sa4_2010_15.205"},{"type":"Feature","properties":{"median_aud_2014_15":54176,"sa4_name16":"Melbourne - Inner","sa4_code_2016":"206"},"id":"abs_epi_total_income_sa4_2010_15.206"},{"type":"Feature","properties":{"median_aud_2014_15":49512,"sa4_name16":"Melbourne - Inner East","sa4_code_2016":"207"},"id":"abs_epi_total_income_sa4_2010_15.207"},{"type":"Feature","properties":{"median_aud_2014_15":53035,"sa4_name16":"Melbourne - Inner South","sa4_code_2016":"208"},"id":"abs_epi_total_income_sa4_2010_15.208"},{"type":"Feature","properties":{"median_aud_2014_15":46982,"sa4_name16":"Melbourne - North East","sa4_code_2016":"209"},"id":"abs_epi_total_income_sa4_2010_15.209"},{"type":"Feature","properties":{"median_aud_2014_15":45421,"sa4_name16":"Melbourne - North West","sa4_code_2016":"210"},"id":"abs_epi_total_income_sa4_2010_15.210"},{"type":"Feature","properties":{"median_aud_2014_15":46139,"sa4_name16":"Melbourne - Outer East","sa4_code_2016":"211"},"id":"abs_epi_total_income_sa4_2010_15.211"},{"type":"Feature","properties":{"median_aud_2014_15":43878,"sa4_name16":"Melbourne - South East","sa4_code_2016":"212"},"id":"abs_epi_total_income_sa4_2010_15.212"},{"type":"Feature","properties":{"median_aud_2014_15":46964,"sa4_name16":"Melbourne - West","sa4_code_2016":"213"},"id":"abs_epi_total_income_sa4_2010_15.213"},{"type":"Feature","properties":{"median_aud_2014_15":43979,"sa4_name16":"Mornington Peninsula","sa4_code_2016":"214"},"id":"abs_epi_total_income_sa4_2010_15.214"},{"type":"Feature","properties":{"median_aud_2014_15":39202,"sa4_name16":"North West","sa4_code_2016":"215"},"id":"abs_epi_total_income_sa4_2010_15.215"},{"type":"Feature","properties":{"median_aud_2014_15":40160,"sa4_name16":"Shepparton","sa4_code_2016":"216"},"id":"abs_epi_total_income_sa4_2010_15.216"},{"type":"Feature","properties":{"median_aud_2014_15":40448,"sa4_name16":"Warrnambool and South West","sa4_code_2016":"217"},"id":"abs_epi_total_income_sa4_2010_15.217"},{"type":"Feature","properties":{"median_aud_2014_15":49737,"sa4_name16":"Brisbane - East","sa4_code_2016":"301"},"id":"abs_epi_total_income_sa4_2010_15.301"},{"type":"Feature","properties":{"median_aud_2014_15":51527,"sa4_name16":"Brisbane - North","sa4_code_2016":"302"},"id":"abs_epi_total_income_sa4_2010_15.302"},{"type":"Feature","properties":{"median_aud_2014_15":47443,"sa4_name16":"Brisbane - South","sa4_code_2016":"303"},"id":"abs_epi_total_income_sa4_2010_15.303"},{"type":"Feature","properties":{"median_aud_2014_15":53307,"sa4_name16":"Brisbane - West","sa4_code_2016":"304"},"id":"abs_epi_total_income_sa4_2010_15.304"},{"type":"Feature","properties":{"median_aud_2014_15":55557,"sa4_name16":"Brisbane Inner City","sa4_code_2016":"305"},"id":"abs_epi_total_income_sa4_2010_15.305"},{"type":"Feature","properties":{"median_aud_2014_15":42343,"sa4_name16":"Cairns","sa4_code_2016":"306"},"id":"abs_epi_total_income_sa4_2010_15.306"},{"type":"Feature","properties":{"median_aud_2014_15":39272,"sa4_name16":"Darling Downs - Maranoa","sa4_code_2016":"307"},"id":"abs_epi_total_income_sa4_2010_15.307"},{"type":"Feature","properties":{"median_aud_2014_15":52917,"sa4_name16":"Central Queensland","sa4_code_2016":"308"},"id":"abs_epi_total_income_sa4_2010_15.308"},{"type":"Feature","properties":{"median_aud_2014_15":42720,"sa4_name16":"Gold Coast","sa4_code_2016":"309"},"id":"abs_epi_total_income_sa4_2010_15.309"},{"type":"Feature","properties":{"median_aud_2014_15":46527,"sa4_name16":"Ipswich","sa4_code_2016":"310"},"id":"abs_epi_total_income_sa4_2010_15.310"},{"type":"Feature","properties":{"median_aud_2014_15":45567,"sa4_name16":"Logan - Beaudesert","sa4_code_2016":"311"},"id":"abs_epi_total_income_sa4_2010_15.311"},{"type":"Feature","properties":{"median_aud_2014_15":51214,"sa4_name16":"Mackay - Isaac - Whitsunday","sa4_code_2016":"312"},"id":"abs_epi_total_income_sa4_2010_15.312"},{"type":"Feature","properties":{"median_aud_2014_15":42981,"sa4_name16":"Moreton Bay - North","sa4_code_2016":"313"},"id":"abs_epi_total_income_sa4_2010_15.313"},{"type":"Feature","properties":{"median_aud_2014_15":50772,"sa4_name16":"Moreton Bay - South","sa4_code_2016":"314"},"id":"abs_epi_total_income_sa4_2010_15.314"},{"type":"Feature","properties":{"median_aud_2014_15":47846,"sa4_name16":"Queensland - Outback","sa4_code_2016":"315"},"id":"abs_epi_total_income_sa4_2010_15.315"},{"type":"Feature","properties":{"median_aud_2014_15":40014,"sa4_name16":"Sunshine Coast","sa4_code_2016":"316"},"id":"abs_epi_total_income_sa4_2010_15.316"},{"type":"Feature","properties":{"median_aud_2014_15":45425,"sa4_name16":"Toowoomba","sa4_code_2016":"317"},"id":"abs_epi_total_income_sa4_2010_15.317"},{"type":"Feature","properties":{"median_aud_2014_15":50066,"sa4_name16":"Townsville","sa4_code_2016":"318"},"id":"abs_epi_total_income_sa4_2010_15.318"},{"type":"Feature","properties":{"median_aud_2014_15":37111,"sa4_name16":"Wide Bay","sa4_code_2016":"319"},"id":"abs_epi_total_income_sa4_2010_15.319"},{"type":"Feature","properties":{"median_aud_2014_15":49857,"sa4_name16":"Adelaide - Central and Hills","sa4_code_2016":"401"},"id":"abs_epi_total_income_sa4_2010_15.401"},{"type":"Feature","properties":{"median_aud_2014_15":45038,"sa4_name16":"Adelaide - North","sa4_code_2016":"402"},"id":"abs_epi_total_income_sa4_2010_15.402"},{"type":"Feature","properties":{"median_aud_2014_15":46411,"sa4_name16":"Adelaide - South","sa4_code_2016":"403"},"id":"abs_epi_total_income_sa4_2010_15.403"},{"type":"Feature","properties":{"median_aud_2014_15":46216,"sa4_name16":"Adelaide - West","sa4_code_2016":"404"},"id":"abs_epi_total_income_sa4_2010_15.404"},{"type":"Feature","properties":{"median_aud_2014_15":42397,"sa4_name16":"Barossa - Yorke - Mid North","sa4_code_2016":"405"},"id":"abs_epi_total_income_sa4_2010_15.405"},{"type":"Feature","properties":{"median_aud_2014_15":48334,"sa4_name16":"South Australia - Outback","sa4_code_2016":"406"},"id":"abs_epi_total_income_sa4_2010_15.406"},{"type":"Feature","properties":{"median_aud_2014_15":38594,"sa4_name16":"South Australia - South East","sa4_code_2016":"407"},"id":"abs_epi_total_income_sa4_2010_15.407"},{"type":"Feature","properties":{"median_aud_2014_15":46024,"sa4_name16":"Bunbury","sa4_code_2016":"501"},"id":"abs_epi_total_income_sa4_2010_15.501"},{"type":"Feature","properties":{"median_aud_2014_15":48157,"sa4_name16":"Mandurah","sa4_code_2016":"502"},"id":"abs_epi_total_income_sa4_2010_15.502"},{"type":"Feature","properties":{"median_aud_2014_15":61685,"sa4_name16":"Perth - Inner","sa4_code_2016":"503"},"id":"abs_epi_total_income_sa4_2010_15.503"},{"type":"Feature","properties":{"median_aud_2014_15":52743,"sa4_name16":"Perth - North East","sa4_code_2016":"504"},"id":"abs_epi_total_income_sa4_2010_15.504"},{"type":"Feature","properties":{"median_aud_2014_15":53500,"sa4_name16":"Perth - North West","sa4_code_2016":"505"},"id":"abs_epi_total_income_sa4_2010_15.505"},{"type":"Feature","properties":{"median_aud_2014_15":51806,"sa4_name16":"Perth - South East","sa4_code_2016":"506"},"id":"abs_epi_total_income_sa4_2010_15.506"},{"type":"Feature","properties":{"median_aud_2014_15":55180,"sa4_name16":"Perth - South West","sa4_code_2016":"507"},"id":"abs_epi_total_income_sa4_2010_15.507"},{"type":"Feature","properties":{"median_aud_2014_15":45573,"sa4_name16":"Western Australia - Wheat Belt","sa4_code_2016":"509"},"id":"abs_epi_total_income_sa4_2010_15.509"},{"type":"Feature","properties":{"median_aud_2014_15":70392,"sa4_name16":"Western Australia - Outback (North)","sa4_code_2016":"510"},"id":"abs_epi_total_income_sa4_2010_15.510"},{"type":"Feature","properties":{"median_aud_2014_15":52825,"sa4_name16":"Western Australia - Outback (South)","sa4_code_2016":"511"},"id":"abs_epi_total_income_sa4_2010_15.511"},{"type":"Feature","properties":{"median_aud_2014_15":45427,"sa4_name16":"Hobart","sa4_code_2016":"601"},"id":"abs_epi_total_income_sa4_2010_15.601"},{"type":"Feature","properties":{"median_aud_2014_15":41811,"sa4_name16":"Launceston and North East","sa4_code_2016":"602"},"id":"abs_epi_total_income_sa4_2010_15.602"},{"type":"Feature","properties":{"median_aud_2014_15":36927,"sa4_name16":"South East","sa4_code_2016":"603"},"id":"abs_epi_total_income_sa4_2010_15.603"},{"type":"Feature","properties":{"median_aud_2014_15":41816,"sa4_name16":"West and North West","sa4_code_2016":"604"},"id":"abs_epi_total_income_sa4_2010_15.604"},{"type":"Feature","properties":{"median_aud_2014_15":60572,"sa4_name16":"Darwin","sa4_code_2016":"701"},"id":"abs_epi_total_income_sa4_2010_15.701"},{"type":"Feature","properties":{"median_aud_2014_15":51797,"sa4_name16":"Northern Territory - Outback","sa4_code_2016":"702"},"id":"abs_epi_total_income_sa4_2010_15.702"},{"type":"Feature","properties":{"median_aud_2014_15":61482,"sa4_name16":"Australian Capital Territory","sa4_code_2016":"801"},"id":"abs_epi_total_income_sa4_2010_15.801"},{"type":"Feature","properties":{"median_aud_2014_15":69841,"sa4_name16":"Other Territories","sa4_code_2016":"901"},"id":"abs_epi_total_income_sa4_2010_15.901"}]}