{"type":"FeatureCollection","bbox":[0.0,0.0,-1.0,-1.0],"features":[{"type":"Feature","properties":{"gccsa_name_2011":"Greater Sydney","gccsa_code_2011":"1GSYD","rime_net_migrtn":-14177,"year":"2014"},"id":"gccsa_nrp_people_2010_2014.fid--7c484fdd_1799be79662_-6759"},{"type":"Feature","properties":{"gccsa_name_2011":"Rest of NSW","gccsa_code_2011":"1RNSW","rime_net_migrtn":7320,"year":"2014"},"id":"gccsa_nrp_people_2010_2014.fid--7c484fdd_1799be79662_-6758"},{"type":"Feature","properties":{"gccsa_name_2011":"Greater Melbourne","gccsa_code_2011":"2GMEL","rime_net_migrtn":4143,"year":"2014"},"id":"gccsa_nrp_people_2010_2014.fid--7c484fdd_1799be79662_-6757"},{"type":"Feature","properties":{"gccsa_name_2011":"Rest of Vic.","gccsa_code_2011":"2RVIC","rime_net_migrtn":4640,"year":"2014"},"id":"gccsa_nrp_people_2010_2014.fid--7c484fdd_1799be79662_-6756"},{"type":"Feature","properties":{"gccsa_name_2011":"Greater Brisbane","gccsa_code_2011":"3GBRI","rime_net_migrtn":1991,"year":"2014"},"id":"gccsa_nrp_people_2010_2014.fid--7c484fdd_1799be79662_-6755"},{"type":"Feature","properties":{"gccsa_name_2011":"Rest of Qld","gccsa_code_2011":"3RQLD","rime_net_migrtn":3762,"year":"2014"},"id":"gccsa_nrp_people_2010_2014.fid--7c484fdd_1799be79662_-6754"},{"type":"Feature","properties":{"gccsa_name_2011":"Greater Adelaide","gccsa_code_2011":"4GADE","rime_net_migrtn":-3520,"year":"2014"},"id":"gccsa_nrp_people_2010_2014.fid--7c484fdd_1799be79662_-6753"},{"type":"Feature","properties":{"gccsa_name_2011":"Rest of SA","gccsa_code_2011":"4RSAU","rime_net_migrtn":552,"year":"2014"},"id":"gccsa_nrp_people_2010_2014.fid--7c484fdd_1799be79662_-6752"},{"type":"Feature","properties":{"gccsa_name_2011":"Greater Perth","gccsa_code_2011":"5GPER","rime_net_migrtn":2091,"year":"2014"},"id":"gccsa_nrp_people_2010_2014.fid--7c484fdd_1799be79662_-6751"},{"type":"Feature","properties":{"gccsa_name_2011":"Rest of WA","gccsa_code_2011":"5RWAU","rime_net_migrtn":-1046,"year":"2014"},"id":"gccsa_nrp_people_2010_2014.fid--7c484fdd_1799be79662_-6750"},{"type":"Feature","properties":{"gccsa_name_2011":"Greater Hobart","gccsa_code_2011":"6GHOB","rime_net_migrtn":-213,"year":"2014"},"id":"gccsa_nrp_people_2010_2014.fid--7c484fdd_1799be79662_-674f"},{"type":"Feature","properties":{"gccsa_name_2011":"Rest of Tas.","gccsa_code_2011":"6RTAS","rime_net_migrtn":-955,"year":"2014"},"id":"gccsa_nrp_people_2010_2014.fid--7c484fdd_1799be79662_-674e"},{"type":"Feature","properties":{"gccsa_name_2011":"Greater Darwin","gccsa_code_2011":"7GDAR","rime_net_migrtn":-1255,"year":"2014"},"id":"gccsa_nrp_people_2010_2014.fid--7c484fdd_1799be79662_-674d"},{"type":"Feature","properties":{"gccsa_name_2011":"Rest of NT","gccsa_code_2011":"7RNTE","rime_net_migrtn":-2089,"year":"2014"},"id":"gccsa_nrp_people_2010_2014.fid--7c484fdd_1799be79662_-674c"},{"type":"Feature","properties":{"gccsa_name_2011":"Australian Capital Territory","gccsa_code_2011":"8ACTE","rime_net_migrtn":-1244,"year":"2014"},"id":"gccsa_nrp_people_2010_2014.fid--7c484fdd_1799be79662_-674b"},{"type":"Feature","properties":{"gccsa_name_2011":"Other Territories","gccsa_code_2011":"9OTER","rime_net_migrtn":null,"year":"2014"},"id":"gccsa_nrp_people_2010_2014.fid--7c484fdd_1799be79662_-674a"}]}