{"type":"FeatureCollection","bbox":[0.0,0.0,-1.0,-1.0],"features":[{"type":"Feature","properties":{"sa4_code_2011":"101","rime_net_migrtn":514,"year":"2014","sa4_name_2011":"Capital Region"},"id":"sa4_nrp_people_2010_2014.fid-2fd01edc_1799be21c31_-e85"},{"type":"Feature","properties":{"sa4_code_2011":"102","rime_net_migrtn":2057,"year":"2014","sa4_name_2011":"Central Coast"},"id":"sa4_nrp_people_2010_2014.fid-2fd01edc_1799be21c31_-e84"},{"type":"Feature","properties":{"sa4_code_2011":"103","rime_net_migrtn":148,"year":"2014","sa4_name_2011":"Central West"},"id":"sa4_nrp_people_2010_2014.fid-2fd01edc_1799be21c31_-e83"},{"type":"Feature","properties":{"sa4_code_2011":"107","rime_net_migrtn":623,"year":"2014","sa4_name_2011":"Illawarra"},"id":"sa4_nrp_people_2010_2014.fid-2fd01edc_1799be21c31_-e82"},{"type":"Feature","properties":{"sa4_code_2011":"104","rime_net_migrtn":-50,"year":"2014","sa4_name_2011":"Coffs Harbour - Grafton"},"id":"sa4_nrp_people_2010_2014.fid-2fd01edc_1799be21c31_-e81"},{"type":"Feature","properties":{"sa4_code_2011":"105","rime_net_migrtn":-693,"year":"2014","sa4_name_2011":"Far West and Orana"},"id":"sa4_nrp_people_2010_2014.fid-2fd01edc_1799be21c31_-e80"},{"type":"Feature","properties":{"sa4_code_2011":"106","rime_net_migrtn":1462,"year":"2014","sa4_name_2011":"Hunter Valley exc Newcastle"},"id":"sa4_nrp_people_2010_2014.fid-2fd01edc_1799be21c31_-e7f"},{"type":"Feature","properties":{"sa4_code_2011":"108","rime_net_migrtn":1387,"year":"2014","sa4_name_2011":"Mid North Coast"},"id":"sa4_nrp_people_2010_2014.fid-2fd01edc_1799be21c31_-e7e"},{"type":"Feature","properties":{"sa4_code_2011":"109","rime_net_migrtn":374,"year":"2014","sa4_name_2011":"Murray"},"id":"sa4_nrp_people_2010_2014.fid-2fd01edc_1799be21c31_-e7d"},{"type":"Feature","properties":{"sa4_code_2011":"110","rime_net_migrtn":-401,"year":"2014","sa4_name_2011":"New England and North West"},"id":"sa4_nrp_people_2010_2014.fid-2fd01edc_1799be21c31_-e7c"},{"type":"Feature","properties":{"sa4_code_2011":"111","rime_net_migrtn":1091,"year":"2014","sa4_name_2011":"Newcastle and Lake Macquarie"},"id":"sa4_nrp_people_2010_2014.fid-2fd01edc_1799be21c31_-e7b"},{"type":"Feature","properties":{"sa4_code_2011":"112","rime_net_migrtn":1615,"year":"2014","sa4_name_2011":"Richmond - Tweed"},"id":"sa4_nrp_people_2010_2014.fid-2fd01edc_1799be21c31_-e7a"},{"type":"Feature","properties":{"sa4_code_2011":"113","rime_net_migrtn":-506,"year":"2014","sa4_name_2011":"Riverina"},"id":"sa4_nrp_people_2010_2014.fid-2fd01edc_1799be21c31_-e79"},{"type":"Feature","properties":{"sa4_code_2011":"114","rime_net_migrtn":1756,"year":"2014","sa4_name_2011":"Southern Highlands and Shoalhaven"},"id":"sa4_nrp_people_2010_2014.fid-2fd01edc_1799be21c31_-e78"},{"type":"Feature","properties":{"sa4_code_2011":"115","rime_net_migrtn":901,"year":"2014","sa4_name_2011":"Sydney - Baulkham Hills and Hawkesbury"},"id":"sa4_nrp_people_2010_2014.fid-2fd01edc_1799be21c31_-e77"},{"type":"Feature","properties":{"sa4_code_2011":"116","rime_net_migrtn":-952,"year":"2014","sa4_name_2011":"Sydney - Blacktown"},"id":"sa4_nrp_people_2010_2014.fid-2fd01edc_1799be21c31_-e76"},{"type":"Feature","properties":{"sa4_code_2011":"117","rime_net_migrtn":-716,"year":"2014","sa4_name_2011":"Sydney - City and Inner South"},"id":"sa4_nrp_people_2010_2014.fid-2fd01edc_1799be21c31_-e75"},{"type":"Feature","properties":{"sa4_code_2011":"118","rime_net_migrtn":-2961,"year":"2014","sa4_name_2011":"Sydney - Eastern Suburbs"},"id":"sa4_nrp_people_2010_2014.fid-2fd01edc_1799be21c31_-e74"},{"type":"Feature","properties":{"sa4_code_2011":"119","rime_net_migrtn":-6892,"year":"2014","sa4_name_2011":"Sydney - Inner South West"},"id":"sa4_nrp_people_2010_2014.fid-2fd01edc_1799be21c31_-e73"},{"type":"Feature","properties":{"sa4_code_2011":"120","rime_net_migrtn":-2603,"year":"2014","sa4_name_2011":"Sydney - Inner West"},"id":"sa4_nrp_people_2010_2014.fid-2fd01edc_1799be21c31_-e72"},{"type":"Feature","properties":{"sa4_code_2011":"121","rime_net_migrtn":-957,"year":"2014","sa4_name_2011":"Sydney - North Sydney and Hornsby"},"id":"sa4_nrp_people_2010_2014.fid-2fd01edc_1799be21c31_-e71"},{"type":"Feature","properties":{"sa4_code_2011":"122","rime_net_migrtn":687,"year":"2014","sa4_name_2011":"Sydney - Northern Beaches"},"id":"sa4_nrp_people_2010_2014.fid-2fd01edc_1799be21c31_-e70"},{"type":"Feature","properties":{"sa4_code_2011":"123","rime_net_migrtn":1485,"year":"2014","sa4_name_2011":"Sydney - Outer South West"},"id":"sa4_nrp_people_2010_2014.fid-2fd01edc_1799be21c31_-e6f"},{"type":"Feature","properties":{"sa4_code_2011":"124","rime_net_migrtn":1244,"year":"2014","sa4_name_2011":"Sydney - Outer West and Blue Mountains"},"id":"sa4_nrp_people_2010_2014.fid-2fd01edc_1799be21c31_-e6e"},{"type":"Feature","properties":{"sa4_code_2011":"125","rime_net_migrtn":-3986,"year":"2014","sa4_name_2011":"Sydney - Parramatta"},"id":"sa4_nrp_people_2010_2014.fid-2fd01edc_1799be21c31_-e6d"},{"type":"Feature","properties":{"sa4_code_2011":"126","rime_net_migrtn":-478,"year":"2014","sa4_name_2011":"Sydney - Ryde"},"id":"sa4_nrp_people_2010_2014.fid-2fd01edc_1799be21c31_-e6c"},{"type":"Feature","properties":{"sa4_code_2011":"127","rime_net_migrtn":-1137,"year":"2014","sa4_name_2011":"Sydney - South West"},"id":"sa4_nrp_people_2010_2014.fid-2fd01edc_1799be21c31_-e6b"},{"type":"Feature","properties":{"sa4_code_2011":"128","rime_net_migrtn":131,"year":"2014","sa4_name_2011":"Sydney - Sutherland"},"id":"sa4_nrp_people_2010_2014.fid-2fd01edc_1799be21c31_-e6a"},{"type":"Feature","properties":{"sa4_code_2011":"201","rime_net_migrtn":1152,"year":"2014","sa4_name_2011":"Ballarat"},"id":"sa4_nrp_people_2010_2014.fid-2fd01edc_1799be21c31_-e69"},{"type":"Feature","properties":{"sa4_code_2011":"202","rime_net_migrtn":1263,"year":"2014","sa4_name_2011":"Bendigo"},"id":"sa4_nrp_people_2010_2014.fid-2fd01edc_1799be21c31_-e68"},{"type":"Feature","properties":{"sa4_code_2011":"203","rime_net_migrtn":2159,"year":"2014","sa4_name_2011":"Geelong"},"id":"sa4_nrp_people_2010_2014.fid-2fd01edc_1799be21c31_-e67"},{"type":"Feature","properties":{"sa4_code_2011":"204","rime_net_migrtn":592,"year":"2014","sa4_name_2011":"Hume"},"id":"sa4_nrp_people_2010_2014.fid-2fd01edc_1799be21c31_-e66"},{"type":"Feature","properties":{"sa4_code_2011":"205","rime_net_migrtn":1046,"year":"2014","sa4_name_2011":"Latrobe - Gippsland"},"id":"sa4_nrp_people_2010_2014.fid-2fd01edc_1799be21c31_-e65"},{"type":"Feature","properties":{"sa4_code_2011":"206","rime_net_migrtn":-939,"year":"2014","sa4_name_2011":"Melbourne - Inner"},"id":"sa4_nrp_people_2010_2014.fid-2fd01edc_1799be21c31_-e64"},{"type":"Feature","properties":{"sa4_code_2011":"207","rime_net_migrtn":-2306,"year":"2014","sa4_name_2011":"Melbourne - Inner East"},"id":"sa4_nrp_people_2010_2014.fid-2fd01edc_1799be21c31_-e63"},{"type":"Feature","properties":{"sa4_code_2011":"208","rime_net_migrtn":-976,"year":"2014","sa4_name_2011":"Melbourne - Inner South"},"id":"sa4_nrp_people_2010_2014.fid-2fd01edc_1799be21c31_-e62"},{"type":"Feature","properties":{"sa4_code_2011":"209","rime_net_migrtn":2147,"year":"2014","sa4_name_2011":"Melbourne - North East"},"id":"sa4_nrp_people_2010_2014.fid-2fd01edc_1799be21c31_-e61"},{"type":"Feature","properties":{"sa4_code_2011":"210","rime_net_migrtn":1196,"year":"2014","sa4_name_2011":"Melbourne - North West"},"id":"sa4_nrp_people_2010_2014.fid-2fd01edc_1799be21c31_-e60"},{"type":"Feature","properties":{"sa4_code_2011":"211","rime_net_migrtn":-2075,"year":"2014","sa4_name_2011":"Melbourne - Outer East"},"id":"sa4_nrp_people_2010_2014.fid-2fd01edc_1799be21c31_-e5f"},{"type":"Feature","properties":{"sa4_code_2011":"212","rime_net_migrtn":-356,"year":"2014","sa4_name_2011":"Melbourne - South East"},"id":"sa4_nrp_people_2010_2014.fid-2fd01edc_1799be21c31_-e5e"},{"type":"Feature","properties":{"sa4_code_2011":"213","rime_net_migrtn":5445,"year":"2014","sa4_name_2011":"Melbourne - West"},"id":"sa4_nrp_people_2010_2014.fid-2fd01edc_1799be21c31_-e5d"},{"type":"Feature","properties":{"sa4_code_2011":"214","rime_net_migrtn":2007,"year":"2014","sa4_name_2011":"Mornington Peninsula"},"id":"sa4_nrp_people_2010_2014.fid-2fd01edc_1799be21c31_-e5c"},{"type":"Feature","properties":{"sa4_code_2011":"215","rime_net_migrtn":-900,"year":"2014","sa4_name_2011":"North West"},"id":"sa4_nrp_people_2010_2014.fid-2fd01edc_1799be21c31_-e5b"},{"type":"Feature","properties":{"sa4_code_2011":"216","rime_net_migrtn":-233,"year":"2014","sa4_name_2011":"Shepparton"},"id":"sa4_nrp_people_2010_2014.fid-2fd01edc_1799be21c31_-e5a"},{"type":"Feature","properties":{"sa4_code_2011":"217","rime_net_migrtn":-439,"year":"2014","sa4_name_2011":"Warrnambool and South West"},"id":"sa4_nrp_people_2010_2014.fid-2fd01edc_1799be21c31_-e59"},{"type":"Feature","properties":{"sa4_code_2011":"301","rime_net_migrtn":428,"year":"2014","sa4_name_2011":"Brisbane - East"},"id":"sa4_nrp_people_2010_2014.fid-2fd01edc_1799be21c31_-e58"},{"type":"Feature","properties":{"sa4_code_2011":"302","rime_net_migrtn":40,"year":"2014","sa4_name_2011":"Brisbane - North"},"id":"sa4_nrp_people_2010_2014.fid-2fd01edc_1799be21c31_-e57"},{"type":"Feature","properties":{"sa4_code_2011":"303","rime_net_migrtn":-3995,"year":"2014","sa4_name_2011":"Brisbane - South"},"id":"sa4_nrp_people_2010_2014.fid-2fd01edc_1799be21c31_-e56"},{"type":"Feature","properties":{"sa4_code_2011":"304","rime_net_migrtn":-729,"year":"2014","sa4_name_2011":"Brisbane - West"},"id":"sa4_nrp_people_2010_2014.fid-2fd01edc_1799be21c31_-e55"},{"type":"Feature","properties":{"sa4_code_2011":"305","rime_net_migrtn":-1118,"year":"2014","sa4_name_2011":"Brisbane Inner City"},"id":"sa4_nrp_people_2010_2014.fid-2fd01edc_1799be21c31_-e54"},{"type":"Feature","properties":{"sa4_code_2011":"306","rime_net_migrtn":-806,"year":"2014","sa4_name_2011":"Cairns"},"id":"sa4_nrp_people_2010_2014.fid-2fd01edc_1799be21c31_-e53"},{"type":"Feature","properties":{"sa4_code_2011":"307","rime_net_migrtn":-453,"year":"2014","sa4_name_2011":"Darling Downs - Maranoa"},"id":"sa4_nrp_people_2010_2014.fid-2fd01edc_1799be21c31_-e52"},{"type":"Feature","properties":{"sa4_code_2011":"308","rime_net_migrtn":-66,"year":"2014","sa4_name_2011":"Fitzroy"},"id":"sa4_nrp_people_2010_2014.fid-2fd01edc_1799be21c31_-e51"},{"type":"Feature","properties":{"sa4_code_2011":"309","rime_net_migrtn":3167,"year":"2014","sa4_name_2011":"Gold Coast"},"id":"sa4_nrp_people_2010_2014.fid-2fd01edc_1799be21c31_-e50"},{"type":"Feature","properties":{"sa4_code_2011":"310","rime_net_migrtn":2757,"year":"2014","sa4_name_2011":"Ipswich"},"id":"sa4_nrp_people_2010_2014.fid-2fd01edc_1799be21c31_-e4f"},{"type":"Feature","properties":{"sa4_code_2011":"311","rime_net_migrtn":-548,"year":"2014","sa4_name_2011":"Logan - Beaudesert"},"id":"sa4_nrp_people_2010_2014.fid-2fd01edc_1799be21c31_-e4e"},{"type":"Feature","properties":{"sa4_code_2011":"312","rime_net_migrtn":-1789,"year":"2014","sa4_name_2011":"Mackay"},"id":"sa4_nrp_people_2010_2014.fid-2fd01edc_1799be21c31_-e4d"},{"type":"Feature","properties":{"sa4_code_2011":"313","rime_net_migrtn":2558,"year":"2014","sa4_name_2011":"Moreton Bay - North"},"id":"sa4_nrp_people_2010_2014.fid-2fd01edc_1799be21c31_-e4c"},{"type":"Feature","properties":{"sa4_code_2011":"314","rime_net_migrtn":2598,"year":"2014","sa4_name_2011":"Moreton Bay - South"},"id":"sa4_nrp_people_2010_2014.fid-2fd01edc_1799be21c31_-e4b"},{"type":"Feature","properties":{"sa4_code_2011":"315","rime_net_migrtn":-1335,"year":"2014","sa4_name_2011":"Queensland - Outback"},"id":"sa4_nrp_people_2010_2014.fid-2fd01edc_1799be21c31_-e4a"},{"type":"Feature","properties":{"sa4_code_2011":"316","rime_net_migrtn":4807,"year":"2014","sa4_name_2011":"Sunshine Coast"},"id":"sa4_nrp_people_2010_2014.fid-2fd01edc_1799be21c31_-e49"},{"type":"Feature","properties":{"sa4_code_2011":"317","rime_net_migrtn":150,"year":"2014","sa4_name_2011":"Toowoomba"},"id":"sa4_nrp_people_2010_2014.fid-2fd01edc_1799be21c31_-e48"},{"type":"Feature","properties":{"sa4_code_2011":"318","rime_net_migrtn":-539,"year":"2014","sa4_name_2011":"Townsville"},"id":"sa4_nrp_people_2010_2014.fid-2fd01edc_1799be21c31_-e47"},{"type":"Feature","properties":{"sa4_code_2011":"319","rime_net_migrtn":626,"year":"2014","sa4_name_2011":"Wide Bay"},"id":"sa4_nrp_people_2010_2014.fid-2fd01edc_1799be21c31_-e46"},{"type":"Feature","properties":{"sa4_code_2011":"401","rime_net_migrtn":-1384,"year":"2014","sa4_name_2011":"Adelaide - Central and Hills"},"id":"sa4_nrp_people_2010_2014.fid-2fd01edc_1799be21c31_-e45"},{"type":"Feature","properties":{"sa4_code_2011":"402","rime_net_migrtn":-743,"year":"2014","sa4_name_2011":"Adelaide - North"},"id":"sa4_nrp_people_2010_2014.fid-2fd01edc_1799be21c31_-e44"},{"type":"Feature","properties":{"sa4_code_2011":"403","rime_net_migrtn":-705,"year":"2014","sa4_name_2011":"Adelaide - South"},"id":"sa4_nrp_people_2010_2014.fid-2fd01edc_1799be21c31_-e43"},{"type":"Feature","properties":{"sa4_code_2011":"404","rime_net_migrtn":-688,"year":"2014","sa4_name_2011":"Adelaide - West"},"id":"sa4_nrp_people_2010_2014.fid-2fd01edc_1799be21c31_-e42"},{"type":"Feature","properties":{"sa4_code_2011":"405","rime_net_migrtn":707,"year":"2014","sa4_name_2011":"Barossa - Yorke - Mid North"},"id":"sa4_nrp_people_2010_2014.fid-2fd01edc_1799be21c31_-e41"},{"type":"Feature","properties":{"sa4_code_2011":"406","rime_net_migrtn":-554,"year":"2014","sa4_name_2011":"South Australia - Outback"},"id":"sa4_nrp_people_2010_2014.fid-2fd01edc_1799be21c31_-e40"},{"type":"Feature","properties":{"sa4_code_2011":"407","rime_net_migrtn":399,"year":"2014","sa4_name_2011":"South Australia - South East"},"id":"sa4_nrp_people_2010_2014.fid-2fd01edc_1799be21c31_-e3f"},{"type":"Feature","properties":{"sa4_code_2011":"501","rime_net_migrtn":2021,"year":"2014","sa4_name_2011":"Bunbury"},"id":"sa4_nrp_people_2010_2014.fid-2fd01edc_1799be21c31_-e3e"},{"type":"Feature","properties":{"sa4_code_2011":"502","rime_net_migrtn":2078,"year":"2014","sa4_name_2011":"Mandurah"},"id":"sa4_nrp_people_2010_2014.fid-2fd01edc_1799be21c31_-e3d"},{"type":"Feature","properties":{"sa4_code_2011":"503","rime_net_migrtn":-627,"year":"2014","sa4_name_2011":"Perth - Inner"},"id":"sa4_nrp_people_2010_2014.fid-2fd01edc_1799be21c31_-e3c"},{"type":"Feature","properties":{"sa4_code_2011":"504","rime_net_migrtn":1797,"year":"2014","sa4_name_2011":"Perth - North East"},"id":"sa4_nrp_people_2010_2014.fid-2fd01edc_1799be21c31_-e3b"},{"type":"Feature","properties":{"sa4_code_2011":"505","rime_net_migrtn":-1800,"year":"2014","sa4_name_2011":"Perth - North West"},"id":"sa4_nrp_people_2010_2014.fid-2fd01edc_1799be21c31_-e3a"},{"type":"Feature","properties":{"sa4_code_2011":"506","rime_net_migrtn":-2168,"year":"2014","sa4_name_2011":"Perth - South East"},"id":"sa4_nrp_people_2010_2014.fid-2fd01edc_1799be21c31_-e39"},{"type":"Feature","properties":{"sa4_code_2011":"507","rime_net_migrtn":2811,"year":"2014","sa4_name_2011":"Perth - South West"},"id":"sa4_nrp_people_2010_2014.fid-2fd01edc_1799be21c31_-e38"},{"type":"Feature","properties":{"sa4_code_2011":"508","rime_net_migrtn":-2999,"year":"2014","sa4_name_2011":"Western Australia - Outback"},"id":"sa4_nrp_people_2010_2014.fid-2fd01edc_1799be21c31_-e37"},{"type":"Feature","properties":{"sa4_code_2011":"509","rime_net_migrtn":-68,"year":"2014","sa4_name_2011":"Western Australia - Wheat Belt"},"id":"sa4_nrp_people_2010_2014.fid-2fd01edc_1799be21c31_-e36"},{"type":"Feature","properties":{"sa4_code_2011":"601","rime_net_migrtn":-213,"year":"2014","sa4_name_2011":"Hobart"},"id":"sa4_nrp_people_2010_2014.fid-2fd01edc_1799be21c31_-e35"},{"type":"Feature","properties":{"sa4_code_2011":"602","rime_net_migrtn":-626,"year":"2014","sa4_name_2011":"Launceston and North East"},"id":"sa4_nrp_people_2010_2014.fid-2fd01edc_1799be21c31_-e34"},{"type":"Feature","properties":{"sa4_code_2011":"603","rime_net_migrtn":112,"year":"2014","sa4_name_2011":"South East"},"id":"sa4_nrp_people_2010_2014.fid-2fd01edc_1799be21c31_-e33"},{"type":"Feature","properties":{"sa4_code_2011":"604","rime_net_migrtn":-441,"year":"2014","sa4_name_2011":"West and North West"},"id":"sa4_nrp_people_2010_2014.fid-2fd01edc_1799be21c31_-e32"},{"type":"Feature","properties":{"sa4_code_2011":"701","rime_net_migrtn":-1255,"year":"2014","sa4_name_2011":"Darwin"},"id":"sa4_nrp_people_2010_2014.fid-2fd01edc_1799be21c31_-e31"},{"type":"Feature","properties":{"sa4_code_2011":"702","rime_net_migrtn":-2089,"year":"2014","sa4_name_2011":"Northern Territory - Outback"},"id":"sa4_nrp_people_2010_2014.fid-2fd01edc_1799be21c31_-e30"},{"type":"Feature","properties":{"sa4_code_2011":"801","rime_net_migrtn":-1244,"year":"2014","sa4_name_2011":"Australian Capital Territory"},"id":"sa4_nrp_people_2010_2014.fid-2fd01edc_1799be21c31_-e2f"},{"type":"Feature","properties":{"sa4_code_2011":"901","rime_net_migrtn":null,"year":"2014","sa4_name_2011":"Other Territories"},"id":"sa4_nrp_people_2010_2014.fid-2fd01edc_1799be21c31_-e2e"}]}