{"type":"FeatureCollection","bbox":[0.0,0.0,-1.0,-1.0],"features":[{"type":"Feature","properties":{"gccsa_name_2011":"Greater Sydney","psq_cert_pc":15.2,"p_tot":4608949,"psq_postgrad_deg_pc":5.6,"gccsa_code_2011":"1GSYD","psq_adv_dip_dip_pc":9.0,"psq_bach_deg_pc":16.9,"year":"2011","psq_grad_dip_cert_pc":1.6},"id":"gccsa_nrp_people_2010_2014.fid-2fd01edc_1799be21c31_-1071"},{"type":"Feature","properties":{"gccsa_name_2011":"Rest of NSW","psq_cert_pc":22.1,"p_tot":2609580,"psq_postgrad_deg_pc":2.0,"gccsa_code_2011":"1RNSW","psq_adv_dip_dip_pc":7.1,"psq_bach_deg_pc":9.1,"year":"2011","psq_grad_dip_cert_pc":1.3},"id":"gccsa_nrp_people_2010_2014.fid-2fd01edc_1799be21c31_-1070"},{"type":"Feature","properties":{"gccsa_name_2011":"Greater Melbourne","psq_cert_pc":15.0,"p_tot":4169366,"psq_postgrad_deg_pc":4.7,"gccsa_code_2011":"2GMEL","psq_adv_dip_dip_pc":8.8,"psq_bach_deg_pc":16.6,"year":"2011","psq_grad_dip_cert_pc":2.3},"id":"gccsa_nrp_people_2010_2014.fid-2fd01edc_1799be21c31_-106f"},{"type":"Feature","properties":{"gccsa_name_2011":"Rest of Vic.","psq_cert_pc":20.7,"p_tot":1368451,"psq_postgrad_deg_pc":1.6,"gccsa_code_2011":"2RVIC","psq_adv_dip_dip_pc":7.2,"psq_bach_deg_pc":9.1,"year":"2011","psq_grad_dip_cert_pc":1.8},"id":"gccsa_nrp_people_2010_2014.fid-2fd01edc_1799be21c31_-106e"},{"type":"Feature","properties":{"gccsa_name_2011":"Greater Brisbane","psq_cert_pc":18.1,"p_tot":2147436,"psq_postgrad_deg_pc":3.9,"gccsa_code_2011":"3GBRI","psq_adv_dip_dip_pc":8.0,"psq_bach_deg_pc":14.5,"year":"2011","psq_grad_dip_cert_pc":1.8},"id":"gccsa_nrp_people_2010_2014.fid-2fd01edc_1799be21c31_-106d"},{"type":"Feature","properties":{"gccsa_name_2011":"Rest of Qld","psq_cert_pc":21.5,"p_tot":2329342,"psq_postgrad_deg_pc":1.7,"gccsa_code_2011":"3RQLD","psq_adv_dip_dip_pc":7.1,"psq_bach_deg_pc":9.2,"year":"2011","psq_grad_dip_cert_pc":1.1},"id":"gccsa_nrp_people_2010_2014.fid-2fd01edc_1799be21c31_-106c"},{"type":"Feature","properties":{"gccsa_name_2011":"Greater Adelaide","psq_cert_pc":18.1,"p_tot":1264091,"psq_postgrad_deg_pc":3.3,"gccsa_code_2011":"4GADE","psq_adv_dip_dip_pc":7.8,"psq_bach_deg_pc":13.2,"year":"2011","psq_grad_dip_cert_pc":1.7},"id":"gccsa_nrp_people_2010_2014.fid-2fd01edc_1799be21c31_-106b"},{"type":"Feature","properties":{"gccsa_name_2011":"Rest of SA","psq_cert_pc":20.9,"p_tot":375523,"psq_postgrad_deg_pc":0.8,"gccsa_code_2011":"4RSAU","psq_adv_dip_dip_pc":5.7,"psq_bach_deg_pc":6.4,"year":"2011","psq_grad_dip_cert_pc":1.0},"id":"gccsa_nrp_people_2010_2014.fid-2fd01edc_1799be21c31_-106a"},{"type":"Feature","properties":{"gccsa_name_2011":"Greater Perth","psq_cert_pc":18.6,"p_tot":1833567,"psq_postgrad_deg_pc":3.4,"gccsa_code_2011":"5GPER","psq_adv_dip_dip_pc":8.6,"psq_bach_deg_pc":14.5,"year":"2011","psq_grad_dip_cert_pc":1.8},"id":"gccsa_nrp_people_2010_2014.fid-2fd01edc_1799be21c31_-1069"},{"type":"Feature","properties":{"gccsa_name_2011":"Rest of WA","psq_cert_pc":22.6,"p_tot":519842,"psq_postgrad_deg_pc":1.1,"gccsa_code_2011":"5RWAU","psq_adv_dip_dip_pc":6.4,"psq_bach_deg_pc":8.1,"year":"2011","psq_grad_dip_cert_pc":1.1},"id":"gccsa_nrp_people_2010_2014.fid-2fd01edc_1799be21c31_-1068"},{"type":"Feature","properties":{"gccsa_name_2011":"Greater Hobart","psq_cert_pc":18.8,"p_tot":216273,"psq_postgrad_deg_pc":3.5,"gccsa_code_2011":"6GHOB","psq_adv_dip_dip_pc":7.1,"psq_bach_deg_pc":13.2,"year":"2011","psq_grad_dip_cert_pc":2.0},"id":"gccsa_nrp_people_2010_2014.fid-2fd01edc_1799be21c31_-1067"},{"type":"Feature","properties":{"gccsa_name_2011":"Rest of Tas.","psq_cert_pc":21.2,"p_tot":295210,"psq_postgrad_deg_pc":1.5,"gccsa_code_2011":"6RTAS","psq_adv_dip_dip_pc":6.2,"psq_bach_deg_pc":8.2,"year":"2011","psq_grad_dip_cert_pc":1.1},"id":"gccsa_nrp_people_2010_2014.fid-2fd01edc_1799be21c31_-1066"},{"type":"Feature","properties":{"gccsa_name_2011":"Greater Darwin","psq_cert_pc":20.5,"p_tot":129106,"psq_postgrad_deg_pc":3.2,"gccsa_code_2011":"7GDAR","psq_adv_dip_dip_pc":7.6,"psq_bach_deg_pc":12.1,"year":"2011","psq_grad_dip_cert_pc":2.0},"id":"gccsa_nrp_people_2010_2014.fid-2fd01edc_1799be21c31_-1065"},{"type":"Feature","properties":{"gccsa_name_2011":"Rest of NT","psq_cert_pc":16.5,"p_tot":102186,"psq_postgrad_deg_pc":1.9,"gccsa_code_2011":"7RNTE","psq_adv_dip_dip_pc":5.1,"psq_bach_deg_pc":8.0,"year":"2011","psq_grad_dip_cert_pc":1.5},"id":"gccsa_nrp_people_2010_2014.fid-2fd01edc_1799be21c31_-1064"},{"type":"Feature","properties":{"gccsa_name_2011":"Australian Capital Territory","psq_cert_pc":13.5,"p_tot":367985,"psq_postgrad_deg_pc":8.9,"gccsa_code_2011":"8ACTE","psq_adv_dip_dip_pc":9.0,"psq_bach_deg_pc":21.3,"year":"2011","psq_grad_dip_cert_pc":3.8},"id":"gccsa_nrp_people_2010_2014.fid-2fd01edc_1799be21c31_-1063"},{"type":"Feature","properties":{"gccsa_name_2011":"Other Territories","psq_cert_pc":13.2,"p_tot":3117,"psq_postgrad_deg_pc":1.3,"gccsa_code_2011":"9OTER","psq_adv_dip_dip_pc":5.1,"psq_bach_deg_pc":6.2,"year":"2011","psq_grad_dip_cert_pc":1.2},"id":"gccsa_nrp_people_2010_2014.fid-2fd01edc_1799be21c31_-1062"}]}