{"type":"FeatureCollection","bbox":[0.0,0.0,-1.0,-1.0],"features":[{"type":"Feature","properties":{"median_aud_2014_15":58463,"sa3_name16":"Queanbeyan","sa3_code_2016":"10102"},"id":"abs_epi_total_income_sa3_2010_15.10102"},{"type":"Feature","properties":{"median_aud_2014_15":40727,"sa3_name16":"Snowy Mountains","sa3_code_2016":"10103"},"id":"abs_epi_total_income_sa3_2010_15.10103"},{"type":"Feature","properties":{"median_aud_2014_15":35359,"sa3_name16":"South Coast","sa3_code_2016":"10104"},"id":"abs_epi_total_income_sa3_2010_15.10104"},{"type":"Feature","properties":{"median_aud_2014_15":43488,"sa3_name16":"Goulburn - Mulwaree","sa3_code_2016":"10105"},"id":"abs_epi_total_income_sa3_2010_15.10105"},{"type":"Feature","properties":{"median_aud_2014_15":45382,"sa3_name16":"Young - Yass","sa3_code_2016":"10106"},"id":"abs_epi_total_income_sa3_2010_15.10106"},{"type":"Feature","properties":{"median_aud_2014_15":44208,"sa3_name16":"Gosford","sa3_code_2016":"10201"},"id":"abs_epi_total_income_sa3_2010_15.10201"},{"type":"Feature","properties":{"median_aud_2014_15":43137,"sa3_name16":"Wyong","sa3_code_2016":"10202"},"id":"abs_epi_total_income_sa3_2010_15.10202"},{"type":"Feature","properties":{"median_aud_2014_15":46279,"sa3_name16":"Bathurst","sa3_code_2016":"10301"},"id":"abs_epi_total_income_sa3_2010_15.10301"},{"type":"Feature","properties":{"median_aud_2014_15":40164,"sa3_name16":"Lachlan Valley","sa3_code_2016":"10302"},"id":"abs_epi_total_income_sa3_2010_15.10302"},{"type":"Feature","properties":{"median_aud_2014_15":41919,"sa3_name16":"Lithgow - Mudgee","sa3_code_2016":"10303"},"id":"abs_epi_total_income_sa3_2010_15.10303"},{"type":"Feature","properties":{"median_aud_2014_15":47103,"sa3_name16":"Orange","sa3_code_2016":"10304"},"id":"abs_epi_total_income_sa3_2010_15.10304"},{"type":"Feature","properties":{"median_aud_2014_15":35117,"sa3_name16":"Clarence Valley","sa3_code_2016":"10401"},"id":"abs_epi_total_income_sa3_2010_15.10401"},{"type":"Feature","properties":{"median_aud_2014_15":37936,"sa3_name16":"Coffs Harbour","sa3_code_2016":"10402"},"id":"abs_epi_total_income_sa3_2010_15.10402"},{"type":"Feature","properties":{"median_aud_2014_15":43628,"sa3_name16":"Bourke - Cobar - Coonamble","sa3_code_2016":"10501"},"id":"abs_epi_total_income_sa3_2010_15.10501"},{"type":"Feature","properties":{"median_aud_2014_15":46508,"sa3_name16":"Broken Hill and Far West","sa3_code_2016":"10502"},"id":"abs_epi_total_income_sa3_2010_15.10502"},{"type":"Feature","properties":{"median_aud_2014_15":43185,"sa3_name16":"Dubbo","sa3_code_2016":"10503"},"id":"abs_epi_total_income_sa3_2010_15.10503"},{"type":"Feature","properties":{"median_aud_2014_15":45736,"sa3_name16":"Lower Hunter","sa3_code_2016":"10601"},"id":"abs_epi_total_income_sa3_2010_15.10601"},{"type":"Feature","properties":{"median_aud_2014_15":49381,"sa3_name16":"Maitland","sa3_code_2016":"10602"},"id":"abs_epi_total_income_sa3_2010_15.10602"},{"type":"Feature","properties":{"median_aud_2014_15":41153,"sa3_name16":"Port Stephens","sa3_code_2016":"10603"},"id":"abs_epi_total_income_sa3_2010_15.10603"},{"type":"Feature","properties":{"median_aud_2014_15":46730,"sa3_name16":"Upper Hunter","sa3_code_2016":"10604"},"id":"abs_epi_total_income_sa3_2010_15.10604"},{"type":"Feature","properties":{"median_aud_2014_15":45190,"sa3_name16":"Dapto - Port Kembla","sa3_code_2016":"10701"},"id":"abs_epi_total_income_sa3_2010_15.10701"},{"type":"Feature","properties":{"median_aud_2014_15":null,"sa3_name16":"Illawarra Catchment Reserve","sa3_code_2016":"10702"},"id":"abs_epi_total_income_sa3_2010_15.10702"},{"type":"Feature","properties":{"median_aud_2014_15":45470,"sa3_name16":"Kiama - Shellharbour","sa3_code_2016":"10703"},"id":"abs_epi_total_income_sa3_2010_15.10703"},{"type":"Feature","properties":{"median_aud_2014_15":48332,"sa3_name16":"Wollongong","sa3_code_2016":"10704"},"id":"abs_epi_total_income_sa3_2010_15.10704"},{"type":"Feature","properties":{"median_aud_2014_15":33337,"sa3_name16":"Great Lakes","sa3_code_2016":"10801"},"id":"abs_epi_total_income_sa3_2010_15.10801"},{"type":"Feature","properties":{"median_aud_2014_15":34190,"sa3_name16":"Kempsey - Nambucca","sa3_code_2016":"10802"},"id":"abs_epi_total_income_sa3_2010_15.10802"},{"type":"Feature","properties":{"median_aud_2014_15":36700,"sa3_name16":"Lord Howe Island","sa3_code_2016":"10803"},"id":"abs_epi_total_income_sa3_2010_15.10803"},{"type":"Feature","properties":{"median_aud_2014_15":38108,"sa3_name16":"Port Macquarie","sa3_code_2016":"10804"},"id":"abs_epi_total_income_sa3_2010_15.10804"},{"type":"Feature","properties":{"median_aud_2014_15":35674,"sa3_name16":"Taree - Gloucester","sa3_code_2016":"10805"},"id":"abs_epi_total_income_sa3_2010_15.10805"},{"type":"Feature","properties":{"median_aud_2014_15":44072,"sa3_name16":"Albury","sa3_code_2016":"10901"},"id":"abs_epi_total_income_sa3_2010_15.10901"},{"type":"Feature","properties":{"median_aud_2014_15":39346,"sa3_name16":"Lower Murray","sa3_code_2016":"10902"},"id":"abs_epi_total_income_sa3_2010_15.10902"},{"type":"Feature","properties":{"median_aud_2014_15":39916,"sa3_name16":"Upper Murray exc. Albury","sa3_code_2016":"10903"},"id":"abs_epi_total_income_sa3_2010_15.10903"},{"type":"Feature","properties":{"median_aud_2014_15":39037,"sa3_name16":"Armidale","sa3_code_2016":"11001"},"id":"abs_epi_total_income_sa3_2010_15.11001"},{"type":"Feature","properties":{"median_aud_2014_15":34442,"sa3_name16":"Inverell - Tenterfield","sa3_code_2016":"11002"},"id":"abs_epi_total_income_sa3_2010_15.11002"},{"type":"Feature","properties":{"median_aud_2014_15":43480,"sa3_name16":"Moree - Narrabri","sa3_code_2016":"11003"},"id":"abs_epi_total_income_sa3_2010_15.11003"},{"type":"Feature","properties":{"median_aud_2014_15":42863,"sa3_name16":"Tamworth - Gunnedah","sa3_code_2016":"11004"},"id":"abs_epi_total_income_sa3_2010_15.11004"},{"type":"Feature","properties":{"median_aud_2014_15":46732,"sa3_name16":"Lake Macquarie - East","sa3_code_2016":"11101"},"id":"abs_epi_total_income_sa3_2010_15.11101"},{"type":"Feature","properties":{"median_aud_2014_15":44610,"sa3_name16":"Lake Macquarie - West","sa3_code_2016":"11102"},"id":"abs_epi_total_income_sa3_2010_15.11102"},{"type":"Feature","properties":{"median_aud_2014_15":48693,"sa3_name16":"Newcastle","sa3_code_2016":"11103"},"id":"abs_epi_total_income_sa3_2010_15.11103"},{"type":"Feature","properties":{"median_aud_2014_15":35872,"sa3_name16":"Richmond Valley - Coastal","sa3_code_2016":"11201"},"id":"abs_epi_total_income_sa3_2010_15.11201"},{"type":"Feature","properties":{"median_aud_2014_15":37971,"sa3_name16":"Richmond Valley - Hinterland","sa3_code_2016":"11202"},"id":"abs_epi_total_income_sa3_2010_15.11202"},{"type":"Feature","properties":{"median_aud_2014_15":38243,"sa3_name16":"Tweed Valley","sa3_code_2016":"11203"},"id":"abs_epi_total_income_sa3_2010_15.11203"},{"type":"Feature","properties":{"median_aud_2014_15":42633,"sa3_name16":"Griffith - Murrumbidgee (West)","sa3_code_2016":"11301"},"id":"abs_epi_total_income_sa3_2010_15.11301"},{"type":"Feature","properties":{"median_aud_2014_15":43700,"sa3_name16":"Tumut - Tumbarumba","sa3_code_2016":"11302"},"id":"abs_epi_total_income_sa3_2010_15.11302"},{"type":"Feature","properties":{"median_aud_2014_15":45447,"sa3_name16":"Wagga Wagga","sa3_code_2016":"11303"},"id":"abs_epi_total_income_sa3_2010_15.11303"},{"type":"Feature","properties":{"median_aud_2014_15":37950,"sa3_name16":"Shoalhaven","sa3_code_2016":"11401"},"id":"abs_epi_total_income_sa3_2010_15.11401"},{"type":"Feature","properties":{"median_aud_2014_15":41011,"sa3_name16":"Southern Highlands","sa3_code_2016":"11402"},"id":"abs_epi_total_income_sa3_2010_15.11402"},{"type":"Feature","properties":{"median_aud_2014_15":52868,"sa3_name16":"Baulkham Hills","sa3_code_2016":"11501"},"id":"abs_epi_total_income_sa3_2010_15.11501"},{"type":"Feature","properties":{"median_aud_2014_15":47824,"sa3_name16":"Dural - Wisemans Ferry","sa3_code_2016":"11502"},"id":"abs_epi_total_income_sa3_2010_15.11502"},{"type":"Feature","properties":{"median_aud_2014_15":48191,"sa3_name16":"Hawkesbury","sa3_code_2016":"11503"},"id":"abs_epi_total_income_sa3_2010_15.11503"},{"type":"Feature","properties":{"median_aud_2014_15":54097,"sa3_name16":"Rouse Hill - McGraths Hill","sa3_code_2016":"11504"},"id":"abs_epi_total_income_sa3_2010_15.11504"},{"type":"Feature","properties":{"median_aud_2014_15":47584,"sa3_name16":"Blacktown","sa3_code_2016":"11601"},"id":"abs_epi_total_income_sa3_2010_15.11601"},{"type":"Feature","properties":{"median_aud_2014_15":55327,"sa3_name16":"Blacktown - North","sa3_code_2016":"11602"},"id":"abs_epi_total_income_sa3_2010_15.11602"},{"type":"Feature","properties":{"median_aud_2014_15":46612,"sa3_name16":"Mount Druitt","sa3_code_2016":"11603"},"id":"abs_epi_total_income_sa3_2010_15.11603"},{"type":"Feature","properties":{"median_aud_2014_15":49771,"sa3_name16":"Botany","sa3_code_2016":"11701"},"id":"abs_epi_total_income_sa3_2010_15.11701"},{"type":"Feature","properties":{"median_aud_2014_15":52769,"sa3_name16":"Sydney Inner City","sa3_code_2016":"11703"},"id":"abs_epi_total_income_sa3_2010_15.11703"},{"type":"Feature","properties":{"median_aud_2014_15":64299,"sa3_name16":"Eastern Suburbs - North","sa3_code_2016":"11801"},"id":"abs_epi_total_income_sa3_2010_15.11801"},{"type":"Feature","properties":{"median_aud_2014_15":56163,"sa3_name16":"Eastern Suburbs - South","sa3_code_2016":"11802"},"id":"abs_epi_total_income_sa3_2010_15.11802"},{"type":"Feature","properties":{"median_aud_2014_15":42837,"sa3_name16":"Bankstown","sa3_code_2016":"11901"},"id":"abs_epi_total_income_sa3_2010_15.11901"},{"type":"Feature","properties":{"median_aud_2014_15":39976,"sa3_name16":"Canterbury","sa3_code_2016":"11902"},"id":"abs_epi_total_income_sa3_2010_15.11902"},{"type":"Feature","properties":{"median_aud_2014_15":44503,"sa3_name16":"Hurstville","sa3_code_2016":"11903"},"id":"abs_epi_total_income_sa3_2010_15.11903"},{"type":"Feature","properties":{"median_aud_2014_15":45837,"sa3_name16":"Kogarah - Rockdale","sa3_code_2016":"11904"},"id":"abs_epi_total_income_sa3_2010_15.11904"},{"type":"Feature","properties":{"median_aud_2014_15":56264,"sa3_name16":"Canada Bay","sa3_code_2016":"12001"},"id":"abs_epi_total_income_sa3_2010_15.12001"},{"type":"Feature","properties":{"median_aud_2014_15":69883,"sa3_name16":"Leichhardt","sa3_code_2016":"12002"},"id":"abs_epi_total_income_sa3_2010_15.12002"},{"type":"Feature","properties":{"median_aud_2014_15":46848,"sa3_name16":"Strathfield - Burwood - Ashfield","sa3_code_2016":"12003"},"id":"abs_epi_total_income_sa3_2010_15.12003"},{"type":"Feature","properties":{"median_aud_2014_15":60425,"sa3_name16":"Chatswood - Lane Cove","sa3_code_2016":"12101"},"id":"abs_epi_total_income_sa3_2010_15.12101"},{"type":"Feature","properties":{"median_aud_2014_15":51338,"sa3_name16":"Hornsby","sa3_code_2016":"12102"},"id":"abs_epi_total_income_sa3_2010_15.12102"},{"type":"Feature","properties":{"median_aud_2014_15":57243,"sa3_name16":"Ku-ring-gai","sa3_code_2016":"12103"},"id":"abs_epi_total_income_sa3_2010_15.12103"},{"type":"Feature","properties":{"median_aud_2014_15":70579,"sa3_name16":"North Sydney - Mosman","sa3_code_2016":"12104"},"id":"abs_epi_total_income_sa3_2010_15.12104"},{"type":"Feature","properties":{"median_aud_2014_15":62394,"sa3_name16":"Manly","sa3_code_2016":"12201"},"id":"abs_epi_total_income_sa3_2010_15.12201"},{"type":"Feature","properties":{"median_aud_2014_15":50154,"sa3_name16":"Pittwater","sa3_code_2016":"12202"},"id":"abs_epi_total_income_sa3_2010_15.12202"},{"type":"Feature","properties":{"median_aud_2014_15":52121,"sa3_name16":"Warringah","sa3_code_2016":"12203"},"id":"abs_epi_total_income_sa3_2010_15.12203"},{"type":"Feature","properties":{"median_aud_2014_15":54801,"sa3_name16":"Camden","sa3_code_2016":"12301"},"id":"abs_epi_total_income_sa3_2010_15.12301"},{"type":"Feature","properties":{"median_aud_2014_15":47448,"sa3_name16":"Campbelltown (NSW)","sa3_code_2016":"12302"},"id":"abs_epi_total_income_sa3_2010_15.12302"},{"type":"Feature","properties":{"median_aud_2014_15":49803,"sa3_name16":"Wollondilly","sa3_code_2016":"12303"},"id":"abs_epi_total_income_sa3_2010_15.12303"},{"type":"Feature","properties":{"median_aud_2014_15":46589,"sa3_name16":"Blue Mountains","sa3_code_2016":"12401"},"id":"abs_epi_total_income_sa3_2010_15.12401"},{"type":"Feature","properties":{"median_aud_2014_15":null,"sa3_name16":"Blue Mountains - South","sa3_code_2016":"12402"},"id":"abs_epi_total_income_sa3_2010_15.12402"},{"type":"Feature","properties":{"median_aud_2014_15":51778,"sa3_name16":"Penrith","sa3_code_2016":"12403"},"id":"abs_epi_total_income_sa3_2010_15.12403"},{"type":"Feature","properties":{"median_aud_2014_15":47348,"sa3_name16":"Richmond - Windsor","sa3_code_2016":"12404"},"id":"abs_epi_total_income_sa3_2010_15.12404"},{"type":"Feature","properties":{"median_aud_2014_15":48859,"sa3_name16":"St Marys","sa3_code_2016":"12405"},"id":"abs_epi_total_income_sa3_2010_15.12405"},{"type":"Feature","properties":{"median_aud_2014_15":37969,"sa3_name16":"Auburn","sa3_code_2016":"12501"},"id":"abs_epi_total_income_sa3_2010_15.12501"},{"type":"Feature","properties":{"median_aud_2014_15":45712,"sa3_name16":"Carlingford","sa3_code_2016":"12502"},"id":"abs_epi_total_income_sa3_2010_15.12502"},{"type":"Feature","properties":{"median_aud_2014_15":42311,"sa3_name16":"Merrylands - Guildford","sa3_code_2016":"12503"},"id":"abs_epi_total_income_sa3_2010_15.12503"},{"type":"Feature","properties":{"median_aud_2014_15":48871,"sa3_name16":"Parramatta","sa3_code_2016":"12504"},"id":"abs_epi_total_income_sa3_2010_15.12504"},{"type":"Feature","properties":{"median_aud_2014_15":51179,"sa3_name16":"Pennant Hills - Epping","sa3_code_2016":"12601"},"id":"abs_epi_total_income_sa3_2010_15.12601"},{"type":"Feature","properties":{"median_aud_2014_15":50737,"sa3_name16":"Ryde - Hunters Hill","sa3_code_2016":"12602"},"id":"abs_epi_total_income_sa3_2010_15.12602"},{"type":"Feature","properties":{"median_aud_2014_15":54566,"sa3_name16":"Marrickville - Sydenham - Petersham","sa3_code_2016":"11702"},"id":"abs_epi_total_income_sa3_2010_15.11702"},{"type":"Feature","properties":{"median_aud_2014_15":47507,"sa3_name16":"Bringelly - Green Valley","sa3_code_2016":"12701"},"id":"abs_epi_total_income_sa3_2010_15.12701"},{"type":"Feature","properties":{"median_aud_2014_15":41751,"sa3_name16":"Fairfield","sa3_code_2016":"12702"},"id":"abs_epi_total_income_sa3_2010_15.12702"},{"type":"Feature","properties":{"median_aud_2014_15":48503,"sa3_name16":"Liverpool","sa3_code_2016":"12703"},"id":"abs_epi_total_income_sa3_2010_15.12703"},{"type":"Feature","properties":{"median_aud_2014_15":52487,"sa3_name16":"Cronulla - Miranda - Caringbah","sa3_code_2016":"12801"},"id":"abs_epi_total_income_sa3_2010_15.12801"},{"type":"Feature","properties":{"median_aud_2014_15":53269,"sa3_name16":"Sutherland - Menai - Heathcote","sa3_code_2016":"12802"},"id":"abs_epi_total_income_sa3_2010_15.12802"},{"type":"Feature","properties":{"median_aud_2014_15":44009,"sa3_name16":"Ballarat","sa3_code_2016":"20101"},"id":"abs_epi_total_income_sa3_2010_15.20101"},{"type":"Feature","properties":{"median_aud_2014_15":40238,"sa3_name16":"Creswick - Daylesford - Ballan","sa3_code_2016":"20102"},"id":"abs_epi_total_income_sa3_2010_15.20102"},{"type":"Feature","properties":{"median_aud_2014_15":36495,"sa3_name16":"Maryborough - Pyrenees","sa3_code_2016":"20103"},"id":"abs_epi_total_income_sa3_2010_15.20103"},{"type":"Feature","properties":{"median_aud_2014_15":43456,"sa3_name16":"Bendigo","sa3_code_2016":"20201"},"id":"abs_epi_total_income_sa3_2010_15.20201"},{"type":"Feature","properties":{"median_aud_2014_15":40483,"sa3_name16":"Heathcote - Castlemaine - Kyneton","sa3_code_2016":"20202"},"id":"abs_epi_total_income_sa3_2010_15.20202"},{"type":"Feature","properties":{"median_aud_2014_15":37159,"sa3_name16":"Loddon - Elmore","sa3_code_2016":"20203"},"id":"abs_epi_total_income_sa3_2010_15.20203"},{"type":"Feature","properties":{"median_aud_2014_15":43882,"sa3_name16":"Barwon - West","sa3_code_2016":"20301"},"id":"abs_epi_total_income_sa3_2010_15.20301"},{"type":"Feature","properties":{"median_aud_2014_15":44686,"sa3_name16":"Geelong","sa3_code_2016":"20302"},"id":"abs_epi_total_income_sa3_2010_15.20302"},{"type":"Feature","properties":{"median_aud_2014_15":42498,"sa3_name16":"Surf Coast - Bellarine Peninsula","sa3_code_2016":"20303"},"id":"abs_epi_total_income_sa3_2010_15.20303"},{"type":"Feature","properties":{"median_aud_2014_15":38993,"sa3_name16":"Upper Goulburn Valley","sa3_code_2016":"20401"},"id":"abs_epi_total_income_sa3_2010_15.20401"},{"type":"Feature","properties":{"median_aud_2014_15":40107,"sa3_name16":"Wangaratta - Benalla","sa3_code_2016":"20402"},"id":"abs_epi_total_income_sa3_2010_15.20402"},{"type":"Feature","properties":{"median_aud_2014_15":43526,"sa3_name16":"Wodonga - Alpine","sa3_code_2016":"20403"},"id":"abs_epi_total_income_sa3_2010_15.20403"},{"type":"Feature","properties":{"median_aud_2014_15":41460,"sa3_name16":"Baw Baw","sa3_code_2016":"20501"},"id":"abs_epi_total_income_sa3_2010_15.20501"},{"type":"Feature","properties":{"median_aud_2014_15":36656,"sa3_name16":"Gippsland - East","sa3_code_2016":"20502"},"id":"abs_epi_total_income_sa3_2010_15.20502"},{"type":"Feature","properties":{"median_aud_2014_15":36228,"sa3_name16":"Gippsland - South West","sa3_code_2016":"20503"},"id":"abs_epi_total_income_sa3_2010_15.20503"},{"type":"Feature","properties":{"median_aud_2014_15":45388,"sa3_name16":"Latrobe Valley","sa3_code_2016":"20504"},"id":"abs_epi_total_income_sa3_2010_15.20504"},{"type":"Feature","properties":{"median_aud_2014_15":41999,"sa3_name16":"Wellington","sa3_code_2016":"20505"},"id":"abs_epi_total_income_sa3_2010_15.20505"},{"type":"Feature","properties":{"median_aud_2014_15":49482,"sa3_name16":"Brunswick - Coburg","sa3_code_2016":"20601"},"id":"abs_epi_total_income_sa3_2010_15.20601"},{"type":"Feature","properties":{"median_aud_2014_15":53084,"sa3_name16":"Darebin - South","sa3_code_2016":"20602"},"id":"abs_epi_total_income_sa3_2010_15.20602"},{"type":"Feature","properties":{"median_aud_2014_15":54714,"sa3_name16":"Essendon","sa3_code_2016":"20603"},"id":"abs_epi_total_income_sa3_2010_15.20603"},{"type":"Feature","properties":{"median_aud_2014_15":47298,"sa3_name16":"Melbourne City","sa3_code_2016":"20604"},"id":"abs_epi_total_income_sa3_2010_15.20604"},{"type":"Feature","properties":{"median_aud_2014_15":58932,"sa3_name16":"Port Phillip","sa3_code_2016":"20605"},"id":"abs_epi_total_income_sa3_2010_15.20605"},{"type":"Feature","properties":{"median_aud_2014_15":45586,"sa3_name16":"Whittlesea - Wallan","sa3_code_2016":"20904"},"id":"abs_epi_total_income_sa3_2010_15.20904"},{"type":"Feature","properties":{"median_aud_2014_15":49243,"sa3_name16":"Keilor","sa3_code_2016":"21001"},"id":"abs_epi_total_income_sa3_2010_15.21001"},{"type":"Feature","properties":{"median_aud_2014_15":49034,"sa3_name16":"Macedon Ranges","sa3_code_2016":"21002"},"id":"abs_epi_total_income_sa3_2010_15.21002"},{"type":"Feature","properties":{"median_aud_2014_15":50398,"sa3_name16":"Banyule","sa3_code_2016":"20901"},"id":"abs_epi_total_income_sa3_2010_15.20901"},{"type":"Feature","properties":{"median_aud_2014_15":44788,"sa3_name16":"Moreland - North","sa3_code_2016":"21003"},"id":"abs_epi_total_income_sa3_2010_15.21003"},{"type":"Feature","properties":{"median_aud_2014_15":48630,"sa3_name16":"Sunbury","sa3_code_2016":"21004"},"id":"abs_epi_total_income_sa3_2010_15.21004"},{"type":"Feature","properties":{"median_aud_2014_15":42902,"sa3_name16":"Tullamarine - Broadmeadows","sa3_code_2016":"21005"},"id":"abs_epi_total_income_sa3_2010_15.21005"},{"type":"Feature","properties":{"median_aud_2014_15":46226,"sa3_name16":"Knox","sa3_code_2016":"21101"},"id":"abs_epi_total_income_sa3_2010_15.21101"},{"type":"Feature","properties":{"median_aud_2014_15":49711,"sa3_name16":"Manningham - East","sa3_code_2016":"21102"},"id":"abs_epi_total_income_sa3_2010_15.21102"},{"type":"Feature","properties":{"median_aud_2014_15":47192,"sa3_name16":"Maroondah","sa3_code_2016":"21103"},"id":"abs_epi_total_income_sa3_2010_15.21103"},{"type":"Feature","properties":{"median_aud_2014_15":45527,"sa3_name16":"Whitehorse - East","sa3_code_2016":"21104"},"id":"abs_epi_total_income_sa3_2010_15.21104"},{"type":"Feature","properties":{"median_aud_2014_15":44966,"sa3_name16":"Yarra Ranges","sa3_code_2016":"21105"},"id":"abs_epi_total_income_sa3_2010_15.21105"},{"type":"Feature","properties":{"median_aud_2014_15":46041,"sa3_name16":"Cardinia","sa3_code_2016":"21201"},"id":"abs_epi_total_income_sa3_2010_15.21201"},{"type":"Feature","properties":{"median_aud_2014_15":45302,"sa3_name16":"Casey - North","sa3_code_2016":"21202"},"id":"abs_epi_total_income_sa3_2010_15.21202"},{"type":"Feature","properties":{"median_aud_2014_15":46024,"sa3_name16":"Casey - South","sa3_code_2016":"21203"},"id":"abs_epi_total_income_sa3_2010_15.21203"},{"type":"Feature","properties":{"median_aud_2014_15":61062,"sa3_name16":"Stonnington - West","sa3_code_2016":"20606"},"id":"abs_epi_total_income_sa3_2010_15.20606"},{"type":"Feature","properties":{"median_aud_2014_15":57449,"sa3_name16":"Yarra","sa3_code_2016":"20607"},"id":"abs_epi_total_income_sa3_2010_15.20607"},{"type":"Feature","properties":{"median_aud_2014_15":56447,"sa3_name16":"Boroondara","sa3_code_2016":"20701"},"id":"abs_epi_total_income_sa3_2010_15.20701"},{"type":"Feature","properties":{"median_aud_2014_15":42787,"sa3_name16":"Manningham - West","sa3_code_2016":"20702"},"id":"abs_epi_total_income_sa3_2010_15.20702"},{"type":"Feature","properties":{"median_aud_2014_15":44681,"sa3_name16":"Whitehorse - West","sa3_code_2016":"20703"},"id":"abs_epi_total_income_sa3_2010_15.20703"},{"type":"Feature","properties":{"median_aud_2014_15":57355,"sa3_name16":"Bayside","sa3_code_2016":"20801"},"id":"abs_epi_total_income_sa3_2010_15.20801"},{"type":"Feature","properties":{"median_aud_2014_15":43873,"sa3_name16":"Darebin - North","sa3_code_2016":"20902"},"id":"abs_epi_total_income_sa3_2010_15.20902"},{"type":"Feature","properties":{"median_aud_2014_15":50300,"sa3_name16":"Nillumbik - Kinglake","sa3_code_2016":"20903"},"id":"abs_epi_total_income_sa3_2010_15.20903"},{"type":"Feature","properties":{"median_aud_2014_15":51936,"sa3_name16":"Glen Eira","sa3_code_2016":"20802"},"id":"abs_epi_total_income_sa3_2010_15.20802"},{"type":"Feature","properties":{"median_aud_2014_15":49999,"sa3_name16":"Kingston","sa3_code_2016":"20803"},"id":"abs_epi_total_income_sa3_2010_15.20803"},{"type":"Feature","properties":{"median_aud_2014_15":59200,"sa3_name16":"Stonnington - East","sa3_code_2016":"20804"},"id":"abs_epi_total_income_sa3_2010_15.20804"},{"type":"Feature","properties":{"median_aud_2014_15":39855,"sa3_name16":"Dandenong","sa3_code_2016":"21204"},"id":"abs_epi_total_income_sa3_2010_15.21204"},{"type":"Feature","properties":{"median_aud_2014_15":43882,"sa3_name16":"Monash","sa3_code_2016":"21205"},"id":"abs_epi_total_income_sa3_2010_15.21205"},{"type":"Feature","properties":{"median_aud_2014_15":41927,"sa3_name16":"Brimbank","sa3_code_2016":"21301"},"id":"abs_epi_total_income_sa3_2010_15.21301"},{"type":"Feature","properties":{"median_aud_2014_15":52469,"sa3_name16":"Hobsons Bay","sa3_code_2016":"21302"},"id":"abs_epi_total_income_sa3_2010_15.21302"},{"type":"Feature","properties":{"median_aud_2014_15":48594,"sa3_name16":"Maribyrnong","sa3_code_2016":"21303"},"id":"abs_epi_total_income_sa3_2010_15.21303"},{"type":"Feature","properties":{"median_aud_2014_15":48172,"sa3_name16":"Melton - Bacchus Marsh","sa3_code_2016":"21304"},"id":"abs_epi_total_income_sa3_2010_15.21304"},{"type":"Feature","properties":{"median_aud_2014_15":47926,"sa3_name16":"Wyndham","sa3_code_2016":"21305"},"id":"abs_epi_total_income_sa3_2010_15.21305"},{"type":"Feature","properties":{"median_aud_2014_15":45704,"sa3_name16":"Frankston","sa3_code_2016":"21401"},"id":"abs_epi_total_income_sa3_2010_15.21401"},{"type":"Feature","properties":{"median_aud_2014_15":42104,"sa3_name16":"Mornington Peninsula","sa3_code_2016":"21402"},"id":"abs_epi_total_income_sa3_2010_15.21402"},{"type":"Feature","properties":{"median_aud_2014_15":39014,"sa3_name16":"Grampians","sa3_code_2016":"21501"},"id":"abs_epi_total_income_sa3_2010_15.21501"},{"type":"Feature","properties":{"median_aud_2014_15":40353,"sa3_name16":"Mildura","sa3_code_2016":"21502"},"id":"abs_epi_total_income_sa3_2010_15.21502"},{"type":"Feature","properties":{"median_aud_2014_15":37846,"sa3_name16":"Murray River - Swan Hill","sa3_code_2016":"21503"},"id":"abs_epi_total_income_sa3_2010_15.21503"},{"type":"Feature","properties":{"median_aud_2014_15":40088,"sa3_name16":"Campaspe","sa3_code_2016":"21601"},"id":"abs_epi_total_income_sa3_2010_15.21601"},{"type":"Feature","properties":{"median_aud_2014_15":38328,"sa3_name16":"Moira","sa3_code_2016":"21602"},"id":"abs_epi_total_income_sa3_2010_15.21602"},{"type":"Feature","properties":{"median_aud_2014_15":41068,"sa3_name16":"Shepparton","sa3_code_2016":"21603"},"id":"abs_epi_total_income_sa3_2010_15.21603"},{"type":"Feature","properties":{"median_aud_2014_15":40083,"sa3_name16":"Glenelg - Southern Grampians","sa3_code_2016":"21701"},"id":"abs_epi_total_income_sa3_2010_15.21701"},{"type":"Feature","properties":{"median_aud_2014_15":39071,"sa3_name16":"Colac - Corangamite","sa3_code_2016":"21703"},"id":"abs_epi_total_income_sa3_2010_15.21703"},{"type":"Feature","properties":{"median_aud_2014_15":41610,"sa3_name16":"Warrnambool","sa3_code_2016":"21704"},"id":"abs_epi_total_income_sa3_2010_15.21704"},{"type":"Feature","properties":{"median_aud_2014_15":49189,"sa3_name16":"Capalaba","sa3_code_2016":"30101"},"id":"abs_epi_total_income_sa3_2010_15.30101"},{"type":"Feature","properties":{"median_aud_2014_15":47392,"sa3_name16":"Cleveland - Stradbroke","sa3_code_2016":"30102"},"id":"abs_epi_total_income_sa3_2010_15.30102"},{"type":"Feature","properties":{"median_aud_2014_15":52820,"sa3_name16":"Wynnum - Manly","sa3_code_2016":"30103"},"id":"abs_epi_total_income_sa3_2010_15.30103"},{"type":"Feature","properties":{"median_aud_2014_15":52075,"sa3_name16":"Bald Hills - Everton Park","sa3_code_2016":"30201"},"id":"abs_epi_total_income_sa3_2010_15.30201"},{"type":"Feature","properties":{"median_aud_2014_15":52189,"sa3_name16":"Chermside","sa3_code_2016":"30202"},"id":"abs_epi_total_income_sa3_2010_15.30202"},{"type":"Feature","properties":{"median_aud_2014_15":52000,"sa3_name16":"Nundah","sa3_code_2016":"30203"},"id":"abs_epi_total_income_sa3_2010_15.30203"},{"type":"Feature","properties":{"median_aud_2014_15":49981,"sa3_name16":"Sandgate","sa3_code_2016":"30204"},"id":"abs_epi_total_income_sa3_2010_15.30204"},{"type":"Feature","properties":{"median_aud_2014_15":54307,"sa3_name16":"Carindale","sa3_code_2016":"30301"},"id":"abs_epi_total_income_sa3_2010_15.30301"},{"type":"Feature","properties":{"median_aud_2014_15":52886,"sa3_name16":"Holland Park - Yeronga","sa3_code_2016":"30302"},"id":"abs_epi_total_income_sa3_2010_15.30302"},{"type":"Feature","properties":{"median_aud_2014_15":45391,"sa3_name16":"Mt Gravatt","sa3_code_2016":"30303"},"id":"abs_epi_total_income_sa3_2010_15.30303"},{"type":"Feature","properties":{"median_aud_2014_15":47895,"sa3_name16":"Nathan","sa3_code_2016":"30304"},"id":"abs_epi_total_income_sa3_2010_15.30304"},{"type":"Feature","properties":{"median_aud_2014_15":45919,"sa3_name16":"Rocklea - Acacia Ridge","sa3_code_2016":"30305"},"id":"abs_epi_total_income_sa3_2010_15.30305"},{"type":"Feature","properties":{"median_aud_2014_15":43689,"sa3_name16":"Mudgeeraba - Tallebudgera","sa3_code_2016":"30905"},"id":"abs_epi_total_income_sa3_2010_15.30905"},{"type":"Feature","properties":{"median_aud_2014_15":43186,"sa3_name16":"Nerang","sa3_code_2016":"30906"},"id":"abs_epi_total_income_sa3_2010_15.30906"},{"type":"Feature","properties":{"median_aud_2014_15":46793,"sa3_name16":"Ormeau - Oxenford","sa3_code_2016":"30907"},"id":"abs_epi_total_income_sa3_2010_15.30907"},{"type":"Feature","properties":{"median_aud_2014_15":42100,"sa3_name16":"Outback - South","sa3_code_2016":"31503"},"id":"abs_epi_total_income_sa3_2010_15.31503"},{"type":"Feature","properties":{"median_aud_2014_15":42001,"sa3_name16":"Buderim","sa3_code_2016":"31601"},"id":"abs_epi_total_income_sa3_2010_15.31601"},{"type":"Feature","properties":{"median_aud_2014_15":41413,"sa3_name16":"Caloundra","sa3_code_2016":"31602"},"id":"abs_epi_total_income_sa3_2010_15.31602"},{"type":"Feature","properties":{"median_aud_2014_15":40700,"sa3_name16":"Maroochy","sa3_code_2016":"31603"},"id":"abs_epi_total_income_sa3_2010_15.31603"},{"type":"Feature","properties":{"median_aud_2014_15":37832,"sa3_name16":"Noosa","sa3_code_2016":"31605"},"id":"abs_epi_total_income_sa3_2010_15.31605"},{"type":"Feature","properties":{"median_aud_2014_15":38226,"sa3_name16":"Sunshine Coast Hinterland","sa3_code_2016":"31606"},"id":"abs_epi_total_income_sa3_2010_15.31606"},{"type":"Feature","properties":{"median_aud_2014_15":40384,"sa3_name16":"Nambour","sa3_code_2016":"31607"},"id":"abs_epi_total_income_sa3_2010_15.31607"},{"type":"Feature","properties":{"median_aud_2014_15":36490,"sa3_name16":"Noosa Hinterland","sa3_code_2016":"31608"},"id":"abs_epi_total_income_sa3_2010_15.31608"},{"type":"Feature","properties":{"median_aud_2014_15":42806,"sa3_name16":"Charters Towers - Ayr - Ingham","sa3_code_2016":"31801"},"id":"abs_epi_total_income_sa3_2010_15.31801"},{"type":"Feature","properties":{"median_aud_2014_15":51542,"sa3_name16":"Townsville","sa3_code_2016":"31802"},"id":"abs_epi_total_income_sa3_2010_15.31802"},{"type":"Feature","properties":{"median_aud_2014_15":38758,"sa3_name16":"Bundaberg","sa3_code_2016":"31901"},"id":"abs_epi_total_income_sa3_2010_15.31901"},{"type":"Feature","properties":{"median_aud_2014_15":33962,"sa3_name16":"Burnett","sa3_code_2016":"31902"},"id":"abs_epi_total_income_sa3_2010_15.31902"},{"type":"Feature","properties":{"median_aud_2014_15":35558,"sa3_name16":"Gympie - Cooloola","sa3_code_2016":"31903"},"id":"abs_epi_total_income_sa3_2010_15.31903"},{"type":"Feature","properties":{"median_aud_2014_15":37536,"sa3_name16":"Hervey Bay","sa3_code_2016":"31904"},"id":"abs_epi_total_income_sa3_2010_15.31904"},{"type":"Feature","properties":{"median_aud_2014_15":37265,"sa3_name16":"Sunnybank","sa3_code_2016":"30306"},"id":"abs_epi_total_income_sa3_2010_15.30306"},{"type":"Feature","properties":{"median_aud_2014_15":52098,"sa3_name16":"Centenary","sa3_code_2016":"30401"},"id":"abs_epi_total_income_sa3_2010_15.30401"},{"type":"Feature","properties":{"median_aud_2014_15":55086,"sa3_name16":"Kenmore - Brookfield - Moggill","sa3_code_2016":"30402"},"id":"abs_epi_total_income_sa3_2010_15.30402"},{"type":"Feature","properties":{"median_aud_2014_15":51867,"sa3_name16":"Sherwood - Indooroopilly","sa3_code_2016":"30403"},"id":"abs_epi_total_income_sa3_2010_15.30403"},{"type":"Feature","properties":{"median_aud_2014_15":54145,"sa3_name16":"The Gap - Enoggera","sa3_code_2016":"30404"},"id":"abs_epi_total_income_sa3_2010_15.30404"},{"type":"Feature","properties":{"median_aud_2014_15":48553,"sa3_name16":"Brisbane Inner","sa3_code_2016":"30501"},"id":"abs_epi_total_income_sa3_2010_15.30501"},{"type":"Feature","properties":{"median_aud_2014_15":60085,"sa3_name16":"Brisbane Inner - East","sa3_code_2016":"30502"},"id":"abs_epi_total_income_sa3_2010_15.30502"},{"type":"Feature","properties":{"median_aud_2014_15":57995,"sa3_name16":"Brisbane Inner - North","sa3_code_2016":"30503"},"id":"abs_epi_total_income_sa3_2010_15.30503"},{"type":"Feature","properties":{"median_aud_2014_15":57322,"sa3_name16":"Brisbane Inner - West","sa3_code_2016":"30504"},"id":"abs_epi_total_income_sa3_2010_15.30504"},{"type":"Feature","properties":{"median_aud_2014_15":48335,"sa3_name16":"Cairns - North","sa3_code_2016":"30601"},"id":"abs_epi_total_income_sa3_2010_15.30601"},{"type":"Feature","properties":{"median_aud_2014_15":43715,"sa3_name16":"Cairns - South","sa3_code_2016":"30602"},"id":"abs_epi_total_income_sa3_2010_15.30602"},{"type":"Feature","properties":{"median_aud_2014_15":37597,"sa3_name16":"Innisfail - Cassowary Coast","sa3_code_2016":"30603"},"id":"abs_epi_total_income_sa3_2010_15.30603"},{"type":"Feature","properties":{"median_aud_2014_15":37110,"sa3_name16":"Port Douglas - Daintree","sa3_code_2016":"30604"},"id":"abs_epi_total_income_sa3_2010_15.30604"},{"type":"Feature","properties":{"median_aud_2014_15":36342,"sa3_name16":"Tablelands (East) - Kuranda","sa3_code_2016":"30605"},"id":"abs_epi_total_income_sa3_2010_15.30605"},{"type":"Feature","properties":{"median_aud_2014_15":41812,"sa3_name16":"Darling Downs (West) - Maranoa","sa3_code_2016":"30701"},"id":"abs_epi_total_income_sa3_2010_15.30701"},{"type":"Feature","properties":{"median_aud_2014_15":41449,"sa3_name16":"Darling Downs - East","sa3_code_2016":"30702"},"id":"abs_epi_total_income_sa3_2010_15.30702"},{"type":"Feature","properties":{"median_aud_2014_15":34737,"sa3_name16":"Granite Belt","sa3_code_2016":"30703"},"id":"abs_epi_total_income_sa3_2010_15.30703"},{"type":"Feature","properties":{"median_aud_2014_15":55363,"sa3_name16":"Central Highlands (Qld)","sa3_code_2016":"30801"},"id":"abs_epi_total_income_sa3_2010_15.30801"},{"type":"Feature","properties":{"median_aud_2014_15":49483,"sa3_name16":"Rockhampton","sa3_code_2016":"30803"},"id":"abs_epi_total_income_sa3_2010_15.30803"},{"type":"Feature","properties":{"median_aud_2014_15":47559,"sa3_name16":"Biloela","sa3_code_2016":"30804"},"id":"abs_epi_total_income_sa3_2010_15.30804"},{"type":"Feature","properties":{"median_aud_2014_15":63950,"sa3_name16":"Gladstone","sa3_code_2016":"30805"},"id":"abs_epi_total_income_sa3_2010_15.30805"},{"type":"Feature","properties":{"median_aud_2014_15":43085,"sa3_name16":"Broadbeach - Burleigh","sa3_code_2016":"30901"},"id":"abs_epi_total_income_sa3_2010_15.30901"},{"type":"Feature","properties":{"median_aud_2014_15":41876,"sa3_name16":"Coolangatta","sa3_code_2016":"30902"},"id":"abs_epi_total_income_sa3_2010_15.30902"},{"type":"Feature","properties":{"median_aud_2014_15":41561,"sa3_name16":"Gold Coast - North","sa3_code_2016":"30903"},"id":"abs_epi_total_income_sa3_2010_15.30903"},{"type":"Feature","properties":{"median_aud_2014_15":41036,"sa3_name16":"Gold Coast Hinterland","sa3_code_2016":"30904"},"id":"abs_epi_total_income_sa3_2010_15.30904"},{"type":"Feature","properties":{"median_aud_2014_15":41993,"sa3_name16":"Robina","sa3_code_2016":"30908"},"id":"abs_epi_total_income_sa3_2010_15.30908"},{"type":"Feature","properties":{"median_aud_2014_15":39789,"sa3_name16":"Southport","sa3_code_2016":"30909"},"id":"abs_epi_total_income_sa3_2010_15.30909"},{"type":"Feature","properties":{"median_aud_2014_15":38436,"sa3_name16":"Surfers Paradise","sa3_code_2016":"30910"},"id":"abs_epi_total_income_sa3_2010_15.30910"},{"type":"Feature","properties":{"median_aud_2014_15":45350,"sa3_name16":"Forest Lake - Oxley","sa3_code_2016":"31001"},"id":"abs_epi_total_income_sa3_2010_15.31001"},{"type":"Feature","properties":{"median_aud_2014_15":41774,"sa3_name16":"Ipswich Hinterland","sa3_code_2016":"31002"},"id":"abs_epi_total_income_sa3_2010_15.31002"},{"type":"Feature","properties":{"median_aud_2014_15":47841,"sa3_name16":"Ipswich Inner","sa3_code_2016":"31003"},"id":"abs_epi_total_income_sa3_2010_15.31003"},{"type":"Feature","properties":{"median_aud_2014_15":48968,"sa3_name16":"Springfield - Redbank","sa3_code_2016":"31004"},"id":"abs_epi_total_income_sa3_2010_15.31004"},{"type":"Feature","properties":{"median_aud_2014_15":40324,"sa3_name16":"Beaudesert","sa3_code_2016":"31101"},"id":"abs_epi_total_income_sa3_2010_15.31101"},{"type":"Feature","properties":{"median_aud_2014_15":44332,"sa3_name16":"Beenleigh","sa3_code_2016":"31102"},"id":"abs_epi_total_income_sa3_2010_15.31102"},{"type":"Feature","properties":{"median_aud_2014_15":45394,"sa3_name16":"Browns Plains","sa3_code_2016":"31103"},"id":"abs_epi_total_income_sa3_2010_15.31103"},{"type":"Feature","properties":{"median_aud_2014_15":48944,"sa3_name16":"Jimboomba","sa3_code_2016":"31104"},"id":"abs_epi_total_income_sa3_2010_15.31104"},{"type":"Feature","properties":{"median_aud_2014_15":46863,"sa3_name16":"Loganlea - Carbrook","sa3_code_2016":"31105"},"id":"abs_epi_total_income_sa3_2010_15.31105"},{"type":"Feature","properties":{"median_aud_2014_15":44569,"sa3_name16":"Springwood - Kingston","sa3_code_2016":"31106"},"id":"abs_epi_total_income_sa3_2010_15.31106"},{"type":"Feature","properties":{"median_aud_2014_15":52440,"sa3_name16":"Bowen Basin - North","sa3_code_2016":"31201"},"id":"abs_epi_total_income_sa3_2010_15.31201"},{"type":"Feature","properties":{"median_aud_2014_15":53229,"sa3_name16":"Mackay","sa3_code_2016":"31202"},"id":"abs_epi_total_income_sa3_2010_15.31202"},{"type":"Feature","properties":{"median_aud_2014_15":42433,"sa3_name16":"Whitsunday","sa3_code_2016":"31203"},"id":"abs_epi_total_income_sa3_2010_15.31203"},{"type":"Feature","properties":{"median_aud_2014_15":37134,"sa3_name16":"Bribie - Beachmere","sa3_code_2016":"31301"},"id":"abs_epi_total_income_sa3_2010_15.31301"},{"type":"Feature","properties":{"median_aud_2014_15":41391,"sa3_name16":"Caboolture","sa3_code_2016":"31302"},"id":"abs_epi_total_income_sa3_2010_15.31302"},{"type":"Feature","properties":{"median_aud_2014_15":39960,"sa3_name16":"Caboolture Hinterland","sa3_code_2016":"31303"},"id":"abs_epi_total_income_sa3_2010_15.31303"},{"type":"Feature","properties":{"median_aud_2014_15":45979,"sa3_name16":"Narangba - Burpengary","sa3_code_2016":"31304"},"id":"abs_epi_total_income_sa3_2010_15.31304"},{"type":"Feature","properties":{"median_aud_2014_15":44958,"sa3_name16":"Redcliffe","sa3_code_2016":"31305"},"id":"abs_epi_total_income_sa3_2010_15.31305"},{"type":"Feature","properties":{"median_aud_2014_15":53707,"sa3_name16":"The Hills District","sa3_code_2016":"31401"},"id":"abs_epi_total_income_sa3_2010_15.31401"},{"type":"Feature","properties":{"median_aud_2014_15":50208,"sa3_name16":"North Lakes","sa3_code_2016":"31402"},"id":"abs_epi_total_income_sa3_2010_15.31402"},{"type":"Feature","properties":{"median_aud_2014_15":46803,"sa3_name16":"Strathpine","sa3_code_2016":"31403"},"id":"abs_epi_total_income_sa3_2010_15.31403"},{"type":"Feature","properties":{"median_aud_2014_15":40311,"sa3_name16":"Far North","sa3_code_2016":"31501"},"id":"abs_epi_total_income_sa3_2010_15.31501"},{"type":"Feature","properties":{"median_aud_2014_15":59223,"sa3_name16":"Outback - North","sa3_code_2016":"31502"},"id":"abs_epi_total_income_sa3_2010_15.31502"},{"type":"Feature","properties":{"median_aud_2014_15":45425,"sa3_name16":"Toowoomba","sa3_code_2016":"31701"},"id":"abs_epi_total_income_sa3_2010_15.31701"},{"type":"Feature","properties":{"median_aud_2014_15":37992,"sa3_name16":"Maryborough","sa3_code_2016":"31905"},"id":"abs_epi_total_income_sa3_2010_15.31905"},{"type":"Feature","properties":{"median_aud_2014_15":49503,"sa3_name16":"Adelaide City","sa3_code_2016":"40101"},"id":"abs_epi_total_income_sa3_2010_15.40101"},{"type":"Feature","properties":{"median_aud_2014_15":47523,"sa3_name16":"Adelaide Hills","sa3_code_2016":"40102"},"id":"abs_epi_total_income_sa3_2010_15.40102"},{"type":"Feature","properties":{"median_aud_2014_15":50383,"sa3_name16":"Norwood - Payneham - St Peters","sa3_code_2016":"40105"},"id":"abs_epi_total_income_sa3_2010_15.40105"},{"type":"Feature","properties":{"median_aud_2014_15":53107,"sa3_name16":"Prospect - Walkerville","sa3_code_2016":"40106"},"id":"abs_epi_total_income_sa3_2010_15.40106"},{"type":"Feature","properties":{"median_aud_2014_15":45852,"sa3_name16":"West Torrens","sa3_code_2016":"40403"},"id":"abs_epi_total_income_sa3_2010_15.40403"},{"type":"Feature","properties":{"median_aud_2014_15":44771,"sa3_name16":"Barossa","sa3_code_2016":"40501"},"id":"abs_epi_total_income_sa3_2010_15.40501"},{"type":"Feature","properties":{"median_aud_2014_15":41616,"sa3_name16":"Lower North","sa3_code_2016":"40502"},"id":"abs_epi_total_income_sa3_2010_15.40502"},{"type":"Feature","properties":{"median_aud_2014_15":54713,"sa3_name16":"Unley","sa3_code_2016":"40107"},"id":"abs_epi_total_income_sa3_2010_15.40107"},{"type":"Feature","properties":{"median_aud_2014_15":46583,"sa3_name16":"Gawler - Two Wells","sa3_code_2016":"40201"},"id":"abs_epi_total_income_sa3_2010_15.40201"},{"type":"Feature","properties":{"median_aud_2014_15":43058,"sa3_name16":"Playford","sa3_code_2016":"40202"},"id":"abs_epi_total_income_sa3_2010_15.40202"},{"type":"Feature","properties":{"median_aud_2014_15":44706,"sa3_name16":"Port Adelaide - East","sa3_code_2016":"40203"},"id":"abs_epi_total_income_sa3_2010_15.40203"},{"type":"Feature","properties":{"median_aud_2014_15":44237,"sa3_name16":"Salisbury","sa3_code_2016":"40204"},"id":"abs_epi_total_income_sa3_2010_15.40204"},{"type":"Feature","properties":{"median_aud_2014_15":47593,"sa3_name16":"Tea Tree Gully","sa3_code_2016":"40205"},"id":"abs_epi_total_income_sa3_2010_15.40205"},{"type":"Feature","properties":{"median_aud_2014_15":50085,"sa3_name16":"Mitcham","sa3_code_2016":"40303"},"id":"abs_epi_total_income_sa3_2010_15.40303"},{"type":"Feature","properties":{"median_aud_2014_15":44381,"sa3_name16":"Onkaparinga","sa3_code_2016":"40304"},"id":"abs_epi_total_income_sa3_2010_15.40304"},{"type":"Feature","properties":{"median_aud_2014_15":46689,"sa3_name16":"Charles Sturt","sa3_code_2016":"40401"},"id":"abs_epi_total_income_sa3_2010_15.40401"},{"type":"Feature","properties":{"median_aud_2014_15":45876,"sa3_name16":"Port Adelaide - West","sa3_code_2016":"40402"},"id":"abs_epi_total_income_sa3_2010_15.40402"},{"type":"Feature","properties":{"median_aud_2014_15":42711,"sa3_name16":"Mid North","sa3_code_2016":"40503"},"id":"abs_epi_total_income_sa3_2010_15.40503"},{"type":"Feature","properties":{"median_aud_2014_15":38724,"sa3_name16":"Yorke Peninsula","sa3_code_2016":"40504"},"id":"abs_epi_total_income_sa3_2010_15.40504"},{"type":"Feature","properties":{"median_aud_2014_15":46801,"sa3_name16":"Eyre Peninsula and South West","sa3_code_2016":"40601"},"id":"abs_epi_total_income_sa3_2010_15.40601"},{"type":"Feature","properties":{"median_aud_2014_15":52070,"sa3_name16":"Outback - North and East","sa3_code_2016":"40602"},"id":"abs_epi_total_income_sa3_2010_15.40602"},{"type":"Feature","properties":{"median_aud_2014_15":35017,"sa3_name16":"Fleurieu - Kangaroo Island","sa3_code_2016":"40701"},"id":"abs_epi_total_income_sa3_2010_15.40701"},{"type":"Feature","properties":{"median_aud_2014_15":42056,"sa3_name16":"Limestone Coast","sa3_code_2016":"40702"},"id":"abs_epi_total_income_sa3_2010_15.40702"},{"type":"Feature","properties":{"median_aud_2014_15":37620,"sa3_name16":"Murray and Mallee","sa3_code_2016":"40703"},"id":"abs_epi_total_income_sa3_2010_15.40703"},{"type":"Feature","properties":{"median_aud_2014_15":41447,"sa3_name16":"Augusta - Margaret River - Busselton","sa3_code_2016":"50101"},"id":"abs_epi_total_income_sa3_2010_15.50101"},{"type":"Feature","properties":{"median_aud_2014_15":50775,"sa3_name16":"Bunbury","sa3_code_2016":"50102"},"id":"abs_epi_total_income_sa3_2010_15.50102"},{"type":"Feature","properties":{"median_aud_2014_15":39250,"sa3_name16":"Manjimup","sa3_code_2016":"50103"},"id":"abs_epi_total_income_sa3_2010_15.50103"},{"type":"Feature","properties":{"median_aud_2014_15":48157,"sa3_name16":"Mandurah","sa3_code_2016":"50201"},"id":"abs_epi_total_income_sa3_2010_15.50201"},{"type":"Feature","properties":{"median_aud_2014_15":66634,"sa3_name16":"Cottesloe - Claremont","sa3_code_2016":"50301"},"id":"abs_epi_total_income_sa3_2010_15.50301"},{"type":"Feature","properties":{"median_aud_2014_15":59452,"sa3_name16":"Perth City","sa3_code_2016":"50302"},"id":"abs_epi_total_income_sa3_2010_15.50302"},{"type":"Feature","properties":{"median_aud_2014_15":52597,"sa3_name16":"Bayswater - Bassendean","sa3_code_2016":"50401"},"id":"abs_epi_total_income_sa3_2010_15.50401"},{"type":"Feature","properties":{"median_aud_2014_15":51869,"sa3_name16":"Mundaring","sa3_code_2016":"50402"},"id":"abs_epi_total_income_sa3_2010_15.50402"},{"type":"Feature","properties":{"median_aud_2014_15":54189,"sa3_name16":"Burnside","sa3_code_2016":"40103"},"id":"abs_epi_total_income_sa3_2010_15.40103"},{"type":"Feature","properties":{"median_aud_2014_15":45057,"sa3_name16":"Campbelltown (SA)","sa3_code_2016":"40104"},"id":"abs_epi_total_income_sa3_2010_15.40104"},{"type":"Feature","properties":{"median_aud_2014_15":53091,"sa3_name16":"Swan","sa3_code_2016":"50403"},"id":"abs_epi_total_income_sa3_2010_15.50403"},{"type":"Feature","properties":{"median_aud_2014_15":54567,"sa3_name16":"Joondalup","sa3_code_2016":"50501"},"id":"abs_epi_total_income_sa3_2010_15.50501"},{"type":"Feature","properties":{"median_aud_2014_15":54208,"sa3_name16":"Stirling","sa3_code_2016":"50502"},"id":"abs_epi_total_income_sa3_2010_15.50502"},{"type":"Feature","properties":{"median_aud_2014_15":51880,"sa3_name16":"Wanneroo","sa3_code_2016":"50503"},"id":"abs_epi_total_income_sa3_2010_15.50503"},{"type":"Feature","properties":{"median_aud_2014_15":52834,"sa3_name16":"Armadale","sa3_code_2016":"50601"},"id":"abs_epi_total_income_sa3_2010_15.50601"},{"type":"Feature","properties":{"median_aud_2014_15":53233,"sa3_name16":"Belmont - Victoria Park","sa3_code_2016":"50602"},"id":"abs_epi_total_income_sa3_2010_15.50602"},{"type":"Feature","properties":{"median_aud_2014_15":47370,"sa3_name16":"Canning","sa3_code_2016":"50603"},"id":"abs_epi_total_income_sa3_2010_15.50603"},{"type":"Feature","properties":{"median_aud_2014_15":49950,"sa3_name16":"Gosnells","sa3_code_2016":"50604"},"id":"abs_epi_total_income_sa3_2010_15.50604"},{"type":"Feature","properties":{"median_aud_2014_15":54114,"sa3_name16":"Kalamunda","sa3_code_2016":"50605"},"id":"abs_epi_total_income_sa3_2010_15.50605"},{"type":"Feature","properties":{"median_aud_2014_15":55757,"sa3_name16":"Serpentine - Jarrahdale","sa3_code_2016":"50606"},"id":"abs_epi_total_income_sa3_2010_15.50606"},{"type":"Feature","properties":{"median_aud_2014_15":58608,"sa3_name16":"South Perth","sa3_code_2016":"50607"},"id":"abs_epi_total_income_sa3_2010_15.50607"},{"type":"Feature","properties":{"median_aud_2014_15":55778,"sa3_name16":"Cockburn","sa3_code_2016":"50701"},"id":"abs_epi_total_income_sa3_2010_15.50701"},{"type":"Feature","properties":{"median_aud_2014_15":55976,"sa3_name16":"Fremantle","sa3_code_2016":"50702"},"id":"abs_epi_total_income_sa3_2010_15.50702"},{"type":"Feature","properties":{"median_aud_2014_15":53945,"sa3_name16":"Kwinana","sa3_code_2016":"50703"},"id":"abs_epi_total_income_sa3_2010_15.50703"},{"type":"Feature","properties":{"median_aud_2014_15":54224,"sa3_name16":"Melville","sa3_code_2016":"50704"},"id":"abs_epi_total_income_sa3_2010_15.50704"},{"type":"Feature","properties":{"median_aud_2014_15":55604,"sa3_name16":"Rockingham","sa3_code_2016":"50705"},"id":"abs_epi_total_income_sa3_2010_15.50705"},{"type":"Feature","properties":{"median_aud_2014_15":41895,"sa3_name16":"Albany","sa3_code_2016":"50901"},"id":"abs_epi_total_income_sa3_2010_15.50901"},{"type":"Feature","properties":{"median_aud_2014_15":47955,"sa3_name16":"Wheat Belt - North","sa3_code_2016":"50902"},"id":"abs_epi_total_income_sa3_2010_15.50902"},{"type":"Feature","properties":{"median_aud_2014_15":52827,"sa3_name16":"Wheat Belt - South","sa3_code_2016":"50903"},"id":"abs_epi_total_income_sa3_2010_15.50903"},{"type":"Feature","properties":{"median_aud_2014_15":52976,"sa3_name16":"Kimberley","sa3_code_2016":"51001"},"id":"abs_epi_total_income_sa3_2010_15.51001"},{"type":"Feature","properties":{"median_aud_2014_15":84178,"sa3_name16":"East Pilbara","sa3_code_2016":"51002"},"id":"abs_epi_total_income_sa3_2010_15.51002"},{"type":"Feature","properties":{"median_aud_2014_15":87933,"sa3_name16":"West Pilbara","sa3_code_2016":"51003"},"id":"abs_epi_total_income_sa3_2010_15.51003"},{"type":"Feature","properties":{"median_aud_2014_15":46419,"sa3_name16":"Esperance","sa3_code_2016":"51101"},"id":"abs_epi_total_income_sa3_2010_15.51101"},{"type":"Feature","properties":{"median_aud_2014_15":45735,"sa3_name16":"Gascoyne","sa3_code_2016":"51102"},"id":"abs_epi_total_income_sa3_2010_15.51102"},{"type":"Feature","properties":{"median_aud_2014_15":65315,"sa3_name16":"Goldfields","sa3_code_2016":"51103"},"id":"abs_epi_total_income_sa3_2010_15.51103"},{"type":"Feature","properties":{"median_aud_2014_15":49216,"sa3_name16":"Mid West","sa3_code_2016":"51104"},"id":"abs_epi_total_income_sa3_2010_15.51104"},{"type":"Feature","properties":{"median_aud_2014_15":43903,"sa3_name16":"Brighton","sa3_code_2016":"60101"},"id":"abs_epi_total_income_sa3_2010_15.60101"},{"type":"Feature","properties":{"median_aud_2014_15":46320,"sa3_name16":"Hobart - North East","sa3_code_2016":"60102"},"id":"abs_epi_total_income_sa3_2010_15.60102"},{"type":"Feature","properties":{"median_aud_2014_15":43297,"sa3_name16":"Hobart - North West","sa3_code_2016":"60103"},"id":"abs_epi_total_income_sa3_2010_15.60103"},{"type":"Feature","properties":{"median_aud_2014_15":46919,"sa3_name16":"Hobart - South and West","sa3_code_2016":"60104"},"id":"abs_epi_total_income_sa3_2010_15.60104"},{"type":"Feature","properties":{"median_aud_2014_15":47857,"sa3_name16":"Hobart Inner","sa3_code_2016":"60105"},"id":"abs_epi_total_income_sa3_2010_15.60105"},{"type":"Feature","properties":{"median_aud_2014_15":42764,"sa3_name16":"Sorell - Dodges Ferry","sa3_code_2016":"60106"},"id":"abs_epi_total_income_sa3_2010_15.60106"},{"type":"Feature","properties":{"median_aud_2014_15":43748,"sa3_name16":"Launceston","sa3_code_2016":"60201"},"id":"abs_epi_total_income_sa3_2010_15.60201"},{"type":"Feature","properties":{"median_aud_2014_15":38538,"sa3_name16":"Meander Valley - West Tamar","sa3_code_2016":"60202"},"id":"abs_epi_total_income_sa3_2010_15.60202"},{"type":"Feature","properties":{"median_aud_2014_15":39443,"sa3_name16":"North East","sa3_code_2016":"60203"},"id":"abs_epi_total_income_sa3_2010_15.60203"},{"type":"Feature","properties":{"median_aud_2014_15":39244,"sa3_name16":"Central Highlands (Tas.)","sa3_code_2016":"60301"},"id":"abs_epi_total_income_sa3_2010_15.60301"},{"type":"Feature","properties":{"median_aud_2014_15":37174,"sa3_name16":"Huon - Bruny Island","sa3_code_2016":"60302"},"id":"abs_epi_total_income_sa3_2010_15.60302"},{"type":"Feature","properties":{"median_aud_2014_15":32072,"sa3_name16":"South East Coast","sa3_code_2016":"60303"},"id":"abs_epi_total_income_sa3_2010_15.60303"},{"type":"Feature","properties":{"median_aud_2014_15":46721,"sa3_name16":"Marion","sa3_code_2016":"40302"},"id":"abs_epi_total_income_sa3_2010_15.40302"},{"type":"Feature","properties":{"median_aud_2014_15":42374,"sa3_name16":"Burnie - Ulverstone","sa3_code_2016":"60401"},"id":"abs_epi_total_income_sa3_2010_15.60401"},{"type":"Feature","properties":{"median_aud_2014_15":40717,"sa3_name16":"Devonport","sa3_code_2016":"60402"},"id":"abs_epi_total_income_sa3_2010_15.60402"},{"type":"Feature","properties":{"median_aud_2014_15":42915,"sa3_name16":"West Coast","sa3_code_2016":"60403"},"id":"abs_epi_total_income_sa3_2010_15.60403"},{"type":"Feature","properties":{"median_aud_2014_15":50593,"sa3_name16":"Holdfast Bay","sa3_code_2016":"40301"},"id":"abs_epi_total_income_sa3_2010_15.40301"},{"type":"Feature","properties":{"median_aud_2014_15":58213,"sa3_name16":"Darwin City","sa3_code_2016":"70101"},"id":"abs_epi_total_income_sa3_2010_15.70101"},{"type":"Feature","properties":{"median_aud_2014_15":59066,"sa3_name16":"Darwin Suburbs","sa3_code_2016":"70102"},"id":"abs_epi_total_income_sa3_2010_15.70102"},{"type":"Feature","properties":{"median_aud_2014_15":61533,"sa3_name16":"Litchfield","sa3_code_2016":"70103"},"id":"abs_epi_total_income_sa3_2010_15.70103"},{"type":"Feature","properties":{"median_aud_2014_15":64419,"sa3_name16":"Palmerston","sa3_code_2016":"70104"},"id":"abs_epi_total_income_sa3_2010_15.70104"},{"type":"Feature","properties":{"median_aud_2014_15":51889,"sa3_name16":"Alice Springs","sa3_code_2016":"70201"},"id":"abs_epi_total_income_sa3_2010_15.70201"},{"type":"Feature","properties":{"median_aud_2014_15":49615,"sa3_name16":"Barkly","sa3_code_2016":"70202"},"id":"abs_epi_total_income_sa3_2010_15.70202"},{"type":"Feature","properties":{"median_aud_2014_15":44170,"sa3_name16":"Daly - Tiwi - West Arnhem","sa3_code_2016":"70203"},"id":"abs_epi_total_income_sa3_2010_15.70203"},{"type":"Feature","properties":{"median_aud_2014_15":61392,"sa3_name16":"East Arnhem","sa3_code_2016":"70204"},"id":"abs_epi_total_income_sa3_2010_15.70204"},{"type":"Feature","properties":{"median_aud_2014_15":52586,"sa3_name16":"Katherine","sa3_code_2016":"70205"},"id":"abs_epi_total_income_sa3_2010_15.70205"},{"type":"Feature","properties":{"median_aud_2014_15":57351,"sa3_name16":"Belconnen","sa3_code_2016":"80101"},"id":"abs_epi_total_income_sa3_2010_15.80101"},{"type":"Feature","properties":{"median_aud_2014_15":47820,"sa3_name16":"Canberra East","sa3_code_2016":"80103"},"id":"abs_epi_total_income_sa3_2010_15.80103"},{"type":"Feature","properties":{"median_aud_2014_15":62593,"sa3_name16":"Gungahlin","sa3_code_2016":"80104"},"id":"abs_epi_total_income_sa3_2010_15.80104"},{"type":"Feature","properties":{"median_aud_2014_15":62546,"sa3_name16":"North Canberra","sa3_code_2016":"80105"},"id":"abs_epi_total_income_sa3_2010_15.80105"},{"type":"Feature","properties":{"median_aud_2014_15":75172,"sa3_name16":"South Canberra","sa3_code_2016":"80106"},"id":"abs_epi_total_income_sa3_2010_15.80106"},{"type":"Feature","properties":{"median_aud_2014_15":59803,"sa3_name16":"Tuggeranong","sa3_code_2016":"80107"},"id":"abs_epi_total_income_sa3_2010_15.80107"},{"type":"Feature","properties":{"median_aud_2014_15":61715,"sa3_name16":"Weston Creek","sa3_code_2016":"80108"},"id":"abs_epi_total_income_sa3_2010_15.80108"},{"type":"Feature","properties":{"median_aud_2014_15":62483,"sa3_name16":"Woden Valley","sa3_code_2016":"80109"},"id":"abs_epi_total_income_sa3_2010_15.80109"},{"type":"Feature","properties":{"median_aud_2014_15":74351,"sa3_name16":"Molonglo","sa3_code_2016":"80110"},"id":"abs_epi_total_income_sa3_2010_15.80110"},{"type":"Feature","properties":{"median_aud_2014_15":55657,"sa3_name16":"Urriarra - Namadgi","sa3_code_2016":"80111"},"id":"abs_epi_total_income_sa3_2010_15.80111"},{"type":"Feature","properties":{"median_aud_2014_15":78399,"sa3_name16":"Christmas Island","sa3_code_2016":"90101"},"id":"abs_epi_total_income_sa3_2010_15.90101"},{"type":"Feature","properties":{"median_aud_2014_15":52432,"sa3_name16":"Cocos (Keeling) Islands","sa3_code_2016":"90102"},"id":"abs_epi_total_income_sa3_2010_15.90102"},{"type":"Feature","properties":{"median_aud_2014_15":45767,"sa3_name16":"Jervis Bay","sa3_code_2016":"90103"},"id":"abs_epi_total_income_sa3_2010_15.90103"}]}